Date,Price,Open,High,Low,Vol.,Change %
15/06/2023,236.49,237.89,240.60,230.70,645.96,-0.59%
14/06/2023,237.89,244.19,252.10,233.73,1.03,-2.58%
13/06/2023,244.19,231.29,246.53,228.90,1.30,5.58%
12/06/2023,231.29,235.39,238.79,221.40,1.66,-1.74%
11/06/2023,235.39,238.70,239.29,233.64,430.82,-1.39%
10/06/2023,238.70,260.51,260.70,230.76,1.68,-8.37%
09/06/2023,260.51,261.91,264.29,255.91,536.35,-0.54%
08/06/2023,261.91,259.21,267.20,257.33,616.61,1.04%
07/06/2023,259.21,281.10,281.60,254.65,1.24,-7.79%
06/06/2023,281.11,277.10,285.60,273.40,742.08,1.45%
05/06/2023,277.10,305.10,305.10,272.41,1.14,-9.18%
04/06/2023,305.10,306.60,307.60,304.81,192.73,-0.49%
03/06/2023,306.60,307.30,308.10,305.30,162.09,-0.23%
02/06/2023,307.30,304.80,308.40,303.50,309.77,0.82%
01/06/2023,304.80,306.70,307.50,303.30,263.13,-0.62%
31/05/2023,306.70,311.40,311.80,305.01,448.98,-1.51%
30/05/2023,311.40,311.60,314.10,310.90,299.81,-0.07%
29/05/2023,311.60,314.10,316.90,310.50,474.21,-0.80%
28/05/2023,314.10,307.40,314.41,306.80,266.78,2.18%
27/05/2023,307.40,306.90,307.70,304.10,150.06,0.16%
26/05/2023,306.90,304.60,308.40,301.71,409.72,0.75%
25/05/2023,304.60,305.90,306.80,302.50,295.39,-0.42%
24/05/2023,305.90,313.50,313.60,303.81,302.10,-2.42%
23/05/2023,313.50,309.10,315.30,309.10,234.96,1.42%
22/05/2023,309.10,306.41,311.10,304.50,231.13,0.88%
21/05/2023,306.41,310.70,311.60,305.83,149.16,-1.38%
20/05/2023,310.70,308.90,311.90,307.80,110.11,0.58%
19/05/2023,308.90,309.40,311.39,307.70,198.26,-0.16%
18/05/2023,309.40,314.29,314.80,306.21,245.41,-1.56%
17/05/2023,314.29,311.30,314.30,307.20,229.04,0.96%
16/05/2023,311.30,313.40,314.00,309.40,190.08,-0.67%
15/05/2023,313.40,312.09,316.20,310.70,208.51,0.42%
14/05/2023,312.09,310.71,314.70,309.50,199.43,0.45%
13/05/2023,310.71,308.60,311.80,307.60,161.15,0.68%
12/05/2023,308.60,307.50,309.00,301.30,339.08,0.36%
11/05/2023,307.50,314.30,314.41,304.50,305.12,-2.16%
10/05/2023,314.30,312.20,316.69,308.63,374.69,0.67%
09/05/2023,312.21,313.79,315.79,311.20,272.70,-0.50%
08/05/2023,313.79,320.90,321.99,311.22,398.34,-2.22%
07/05/2023,320.90,321.90,325.39,320.50,214.88,-0.31%
06/05/2023,321.90,326.50,328.38,319.59,288.80,-1.41%
05/05/2023,326.50,323.80,329.09,323.34,299.47,0.83%
04/05/2023,323.80,325.90,327.40,323.21,205.93,-0.65%
03/05/2023,325.90,321.51,327.50,320.60,631.22,1.37%
02/05/2023,321.51,328.60,328.60,321.51,451.59,-2.16%
01/05/2023,328.60,337.58,339.49,326.21,748.76,-2.66%
30/04/2023,337.58,321.90,338.19,320.41,735.13,4.87%
29/04/2023,321.90,324.00,324.70,321.30,236.60,-0.68%
28/04/2023,324.10,330.70,330.79,319.00,1.02,-2.00%
27/04/2023,330.70,330.50,336.39,328.71,500.35,0.06%
26/04/2023,330.50,338.39,344.90,323.86,700.74,-2.33%
25/04/2023,338.39,331.10,339.80,328.60,452.97,2.20%
24/04/2023,331.10,330.60,333.70,328.09,457.10,0.12%
23/04/2023,330.70,332.08,332.39,327.40,397.91,-0.42%
22/04/2023,332.08,321.30,333.09,319.90,396.60,3.35%
21/04/2023,321.30,318.09,332.57,315.82,948.48,1.01%
20/04/2023,318.09,322.40,326.70,315.50,385.17,-1.34%
19/04/2023,322.40,343.00,343.70,320.39,562.93,-6.01%
18/04/2023,343.00,340.00,346.48,337.20,407.35,0.88%
17/04/2023,340.00,347.70,350.00,337.71,578.69,-2.21%
16/04/2023,347.70,333.00,349.91,330.20,656.26,4.41%
15/04/2023,333.00,328.81,335.90,327.01,433.13,1.28%
14/04/2023,328.80,324.60,335.31,323.41,705.88,1.29%
13/04/2023,324.60,319.90,324.80,317.81,359.08,1.50%
12/04/2023,319.80,322.21,323.21,316.81,368.20,-0.75%
11/04/2023,322.21,318.59,333.00,317.80,686.32,1.14%
10/04/2023,318.59,312.80,318.59,311.70,280.32,1.85%
09/04/2023,312.80,310.50,313.50,309.70,170.37,0.74%
08/04/2023,310.50,310.40,312.69,310.20,173.42,0.03%
07/04/2023,310.40,312.29,312.70,309.80,187.97,-0.58%
06/04/2023,312.19,314.00,314.80,310.70,243.25,-0.58%
05/04/2023,314.00,310.80,316.69,310.30,332.01,1.03%
04/04/2023,310.80,308.60,312.48,308.20,320.39,0.72%
03/04/2023,308.60,313.81,314.10,299.91,474.36,-1.66%
02/04/2023,313.81,314.90,316.11,311.09,157.05,-0.35%
01/04/2023,314.90,317.10,318.60,313.20,192.47,-0.69%
31/03/2023,317.10,316.40,319.70,313.61,278.30,0.22%
30/03/2023,316.40,313.80,318.55,309.38,516.97,0.83%
29/03/2023,313.80,313.30,319.69,312.40,346.41,0.16%
28/03/2023,313.30,310.51,315.59,306.90,346.99,0.84%
27/03/2023,310.70,328.50,329.60,306.10,605.70,-5.45%
26/03/2023,328.60,322.50,329.38,321.70,215.41,1.89%
25/03/2023,322.50,321.99,324.80,319.15,331.44,0.21%
24/03/2023,321.81,329.31,329.99,317.30,328.26,-2.28%
23/03/2023,329.31,321.20,331.80,319.20,402.49,2.52%
22/03/2023,321.20,334.31,339.29,316.51,1.32,-3.92%
21/03/2023,334.31,332.40,339.79,327.31,493.62,0.57%
20/03/2023,332.40,336.57,338.99,331.69,533.29,-1.24%
19/03/2023,336.57,331.01,341.20,330.80,420.67,1.68%
18/03/2023,331.01,338.88,345.99,329.14,688.76,-2.32%
17/03/2023,338.88,329.39,339.89,326.09,755.89,2.88%
16/03/2023,329.39,306.30,332.40,303.01,1.30,7.54%
15/03/2023,306.30,308.59,312.69,300.52,433.50,-0.74%
14/03/2023,308.59,307.89,319.18,302.20,735.13,0.26%
13/03/2023,307.80,287.99,312.59,286.30,1.04,6.88%
12/03/2023,287.99,275.99,288.11,273.41,332.20,4.38%
11/03/2023,275.90,277.48,281.58,270.60,390.55,-0.57%
10/03/2023,277.48,277.02,278.00,265.31,426.68,-0.00%
09/03/2023,277.49,286.99,291.29,271.44,339.22,-3.31%
08/03/2023,286.99,289.30,293.89,285.21,273.96,-0.80%
07/03/2023,289.30,287.90,290.40,283.63,213.08,0.49%
06/03/2023,287.90,288.80,289.70,283.61,215.63,-0.28%
05/03/2023,288.71,289.49,292.70,287.41,136.20,-0.27%
04/03/2023,289.49,290.40,291.40,286.01,134.85,-0.31%
03/03/2023,290.40,299.80,300.00,287.22,280.69,-3.14%
02/03/2023,299.80,302.70,303.70,295.90,209.77,-0.96%
01/03/2023,302.70,301.40,306.39,300.60,211.18,0.43%
28/02/2023,301.39,304.70,305.60,300.11,196.89,-1.09%
27/02/2023,304.70,308.69,309.40,300.70,244.63,-1.30%
26/02/2023,308.70,302.40,309.60,300.71,158.94,2.08%
25/02/2023,302.40,302.29,303.00,296.39,187.88,0.04%
24/02/2023,302.29,308.30,311.90,298.91,342.01,-1.95%
23/02/2023,308.30,312.70,314.99,305.90,313.71,-1.41%
22/02/2023,312.70,311.50,312.80,303.69,383.41,0.39%
21/02/2023,311.50,315.40,317.19,309.50,400.36,-1.24%
20/02/2023,315.40,311.42,319.60,308.60,531.11,1.03%
19/02/2023,312.19,316.50,318.59,311.00,348.89,-1.36%
18/02/2023,316.50,313.10,318.88,313.10,294.04,1.09%
17/02/2023,313.10,304.41,317.08,303.19,529.23,2.85%
16/02/2023,304.41,317.50,327.09,304.11,891.63,-4.12%
15/02/2023,317.50,296.20,317.59,294.11,483.43,7.19%
14/02/2023,296.20,294.31,301.26,289.90,515.80,0.64%
13/02/2023,294.31,312.60,315.30,283.00,1.11,-5.85%
12/02/2023,312.60,310.50,320.79,306.29,304.93,0.74%
11/02/2023,310.31,305.80,311.29,305.20,161.93,1.44%
10/02/2023,305.89,306.19,309.10,302.80,308.56,-0.10%
09/02/2023,306.19,328.20,329.20,303.27,584.31,-6.70%
08/02/2023,328.20,333.10,335.67,323.80,295.99,-1.47%
07/02/2023,333.10,324.10,333.60,323.42,276.96,2.78%
06/02/2023,324.10,327.70,331.19,321.41,299.44,-1.10%
05/02/2023,327.70,330.40,337.59,324.21,406.98,-0.82%
04/02/2023,330.40,332.20,334.00,327.21,213.94,-0.54%
03/02/2023,332.20,322.70,335.00,318.60,585.50,2.94%
02/02/2023,322.70,316.90,334.10,316.40,594.26,1.83%
01/02/2023,316.90,312.11,319.30,305.82,401.16,1.54%
31/01/2023,312.11,307.10,314.00,305.40,286.17,1.63%
30/01/2023,307.10,317.19,320.70,302.71,417.43,-3.21%
29/01/2023,317.29,306.10,320.40,304.90,442.71,3.59%
28/01/2023,306.30,307.99,313.39,303.81,237.85,-0.55%
27/01/2023,307.99,304.90,310.40,299.41,279.35,1.02%
26/01/2023,304.90,306.71,309.50,302.00,350.51,-0.59%
25/01/2023,306.71,300.30,313.70,293.81,460.48,2.13%
24/01/2023,300.30,305.20,323.00,299.71,647.05,-1.61%
23/01/2023,305.20,303.10,307.70,301.21,305.82,0.69%
22/01/2023,303.10,299.10,311.30,298.70,392.14,1.37%
21/01/2023,299.00,305.10,309.80,298.70,513.43,-2.00%
20/01/2023,305.10,294.60,305.30,286.81,430.19,3.56%
19/01/2023,294.60,286.90,295.30,286.32,222.45,2.68%
18/01/2023,286.90,299.30,305.00,281.72,639.91,-4.14%
17/01/2023,299.30,299.10,305.40,296.25,287.83,0.07%
16/01/2023,299.10,302.10,308.00,293.69,361.21,-0.99%
15/01/2023,302.10,305.20,306.10,292.10,297.81,-1.02%
14/01/2023,305.20,293.70,314.30,293.50,726.73,3.92%
13/01/2023,293.70,287.70,295.50,285.00,320.90,2.08%
12/01/2023,287.70,284.60,288.20,279.30,396.31,1.09%
11/01/2023,284.60,277.20,286.79,274.30,269.53,2.71%
10/01/2023,277.10,272.61,278.69,270.71,266.17,1.65%
09/01/2023,272.61,274.61,283.40,271.40,448.39,-0.73%
08/01/2023,274.61,261.30,274.92,260.30,241.53,5.09%
07/01/2023,261.30,259.90,263.59,259.40,118.17,0.54%
06/01/2023,259.90,256.60,260.69,254.90,204.29,1.29%
05/01/2023,256.60,258.90,259.10,255.30,148.87,-0.93%
04/01/2023,259.00,246.20,260.80,245.70,372.96,5.20%
03/01/2023,246.20,245.30,246.90,244.60,115.83,0.41%
02/01/2023,245.20,244.40,247.90,241.20,174.36,0.33%
01/01/2023,244.40,246.10,246.70,243.50,110.05,-0.69%
31/12/2022,246.10,245.80,247.90,244.90,135.16,0.12%
30/12/2022,245.80,246.30,246.60,242.80,129.09,-0.20%
29/12/2022,246.30,244.40,246.70,243.40,164.86,0.78%
28/12/2022,244.40,246.60,247.10,241.90,212.71,-0.89%
27/12/2022,246.60,244.30,248.10,242.30,198.69,0.94%
26/12/2022,244.30,243.20,244.80,242.00,117.70,0.45%
25/12/2022,243.20,244.50,245.80,241.50,126.34,-0.53%
24/12/2022,244.50,246.20,246.20,243.80,99.07,-0.69%
23/12/2022,246.20,245.90,248.40,244.00,179.05,0.12%
22/12/2022,245.90,246.20,248.20,240.40,250.57,-0.12%
21/12/2022,246.20,251.40,251.40,245.40,196.33,-2.07%
20/12/2022,251.40,240.50,253.00,239.40,323.25,4.54%
19/12/2022,240.50,251.00,253.20,237.69,413.64,-4.18%
18/12/2022,251.00,242.00,253.50,239.70,530.96,3.72%
17/12/2022,242.00,231.10,244.00,220.50,794.64,4.72%
16/12/2022,231.10,258.60,264.40,226.09,886.19,-10.64%
15/12/2022,258.60,267.70,268.00,256.60,354.61,-3.40%
14/12/2022,267.70,272.20,278.30,265.80,586.48,-1.65%
13/12/2022,272.20,276.10,281.20,256.20,1.32,-1.41%
12/12/2022,276.10,284.50,285.70,272.71,511.26,-2.95%
11/12/2022,284.50,288.20,291.19,283.50,209.48,-1.25%
10/12/2022,288.10,286.10,289.80,285.80,149.78,0.73%
09/12/2022,286.00,290.50,291.70,285.01,311.72,-1.55%
08/12/2022,290.50,284.10,291.68,282.40,294.82,2.25%
07/12/2022,284.10,290.20,290.69,281.60,376.67,-2.10%
06/12/2022,290.20,288.41,290.69,286.82,259.55,0.62%
05/12/2022,288.41,291.80,297.09,286.21,310.02,-1.30%
04/12/2022,292.19,290.40,292.58,288.30,250.92,0.62%
03/12/2022,290.40,293.50,294.29,290.00,242.27,-1.06%
02/12/2022,293.50,292.10,293.80,285.70,375.98,0.48%
01/12/2022,292.10,300.40,301.80,290.21,817.47,-2.76%
30/11/2022,300.40,295.40,305.10,293.42,486.75,1.69%
29/11/2022,295.39,293.50,305.18,289.22,438.79,0.68%
28/11/2022,293.40,307.60,309.49,287.67,630.46,-4.62%
27/11/2022,307.60,311.20,316.59,306.91,322.34,-1.16%
26/11/2022,311.20,300.69,317.59,300.11,589.31,3.59%
25/11/2022,300.41,300.11,305.16,294.41,481.05,0.10%
24/11/2022,300.11,298.90,303.68,294.31,571.61,0.47%
23/11/2022,298.69,266.68,301.29,265.00,1.26,12.00%
22/11/2022,266.68,254.10,267.77,252.31,371.96,4.95%
21/11/2022,254.10,264.21,264.99,250.60,603.90,-3.89%
20/11/2022,264.39,272.61,273.79,262.02,319.52,-3.01%
19/11/2022,272.61,271.21,273.99,270.60,202.45,-0.15%
18/11/2022,273.00,268.51,274.79,268.51,288.04,1.68%
17/11/2022,268.50,270.20,273.30,263.61,390.45,-0.63%
16/11/2022,270.20,277.00,280.09,269.03,408.65,-2.46%
15/11/2022,277.00,279.00,282.09,273.70,464.58,-0.72%
14/11/2022,279.00,276.70,291.79,268.02,852.65,0.83%
13/11/2022,276.70,282.69,286.39,273.69,467.74,-2.12%
12/11/2022,282.69,290.20,291.83,271.90,563.53,-2.59%
11/11/2022,290.20,304.01,305.79,279.75,715.64,-4.54%
10/11/2022,304.01,266.91,312.00,263.90,1.45,13.90%
09/11/2022,266.91,326.84,332.60,260.52,1.99,-18.50%
08/11/2022,327.50,336.90,393.42,300.16,3.27,-2.79%
07/11/2022,336.90,338.28,344.19,326.74,773.89,-0.41%
06/11/2022,338.28,349.11,355.32,338.28,411.73,-3.18%
05/11/2022,349.40,354.50,360.72,346.36,432.34,-1.44%
04/11/2022,354.50,329.61,358.59,328.31,790.51,7.55%
03/11/2022,329.61,320.20,338.21,318.11,652.49,2.94%
02/11/2022,320.20,323.90,329.31,315.71,590.36,-1.14%
01/11/2022,323.90,325.60,334.49,317.60,575.82,-0.58%
31/10/2022,325.79,313.50,337.10,306.92,1.10,3.92%
30/10/2022,313.50,304.40,318.60,302.40,570.88,2.99%
29/10/2022,304.40,297.81,308.20,295.70,581.02,2.21%
28/10/2022,297.81,286.70,300.81,285.82,436.30,3.84%
27/10/2022,286.80,290.30,293.29,284.90,331.55,-1.21%
26/10/2022,290.30,284.10,291.99,284.10,331.71,2.18%
25/10/2022,284.10,274.10,289.70,272.10,407.25,3.65%
24/10/2022,274.10,275.99,277.20,271.70,162.33,-0.68%
23/10/2022,275.99,270.49,276.69,268.89,144.26,2.03%
22/10/2022,270.49,270.00,271.10,268.40,89.93,0.18%
21/10/2022,270.00,269.00,271.00,263.90,208.64,0.37%
20/10/2022,269.00,272.09,273.30,267.69,176.43,-1.14%
19/10/2022,272.10,273.19,273.79,270.40,161.82,-0.40%
18/10/2022,273.19,275.70,276.00,270.21,206.23,-0.91%
17/10/2022,275.70,272.50,275.90,270.00,197.49,1.17%
16/10/2022,272.50,268.20,273.80,268.00,194.74,1.60%
15/10/2022,268.20,269.50,271.30,267.60,152.00,-0.48%
14/10/2022,269.50,271.70,276.69,268.11,312.39,-0.81%
13/10/2022,271.70,270.81,273.69,257.05,574.01,0.33%
12/10/2022,270.81,271.31,272.80,269.40,178.00,-0.18%
11/10/2022,271.31,271.51,273.80,267.89,236.03,-0.08%
10/10/2022,271.51,278.20,279.10,271.51,227.92,-2.37%
09/10/2022,278.11,276.40,279.40,275.21,179.57,0.65%
08/10/2022,276.30,282.41,282.70,275.60,194.35,-2.16%
07/10/2022,282.41,287.00,287.00,279.78,371.13,-1.60%
06/10/2022,287.00,294.10,297.90,279.48,470.76,-2.41%
05/10/2022,294.10,296.30,296.30,289.41,230.54,-0.74%
04/10/2022,296.30,287.00,298.19,286.30,336.49,3.24%
03/10/2022,287.00,284.70,288.80,283.54,290.09,0.91%
02/10/2022,284.41,282.91,287.80,279.69,213.31,0.53%
01/10/2022,282.91,284.89,285.31,277.99,207.72,-0.69%
30/09/2022,284.89,284.00,289.80,280.69,411.86,0.31%
29/09/2022,284.00,281.60,285.49,277.30,317.64,0.85%
28/09/2022,281.60,272.39,283.69,266.50,376.46,3.38%
27/09/2022,272.40,276.11,286.31,269.61,425.49,-1.34%
26/09/2022,276.11,274.11,276.61,270.90,280.45,0.73%
25/09/2022,274.11,274.59,279.60,271.31,233.52,-0.18%
24/09/2022,274.60,276.70,284.90,274.60,340.89,-0.79%
23/09/2022,276.80,275.30,277.79,269.40,376.67,0.54%
22/09/2022,275.30,264.49,276.20,263.51,353.19,4.09%
21/09/2022,264.49,266.30,276.29,260.71,557.80,-0.64%
20/09/2022,266.21,272.00,273.50,265.49,350.25,-2.13%
19/09/2022,272.00,266.20,272.90,256.71,531.46,2.18%
18/09/2022,266.21,279.09,280.00,264.06,345.83,-4.62%
17/09/2022,279.09,274.90,279.70,274.80,198.67,1.53%
16/09/2022,274.90,271.00,276.40,268.61,325.88,1.44%
15/09/2022,271.00,279.40,280.50,267.19,538.13,-3.01%
14/09/2022,279.40,277.40,282.51,273.42,439.58,0.72%
13/09/2022,277.40,294.10,298.02,275.70,598.91,-5.58%
12/09/2022,293.81,295.40,299.80,290.90,425.02,-0.54%
11/09/2022,295.40,296.60,298.09,291.00,274.90,-0.41%
10/09/2022,296.61,293.40,298.60,290.50,346.49,1.09%
09/09/2022,293.40,280.50,295.69,280.10,566.00,4.60%
08/09/2022,280.50,278.81,282.29,275.70,401.24,0.61%
07/09/2022,278.81,262.30,280.11,258.72,453.82,6.29%
06/09/2022,262.30,276.71,286.20,262.00,666.33,-5.21%
05/09/2022,276.71,278.91,281.21,273.50,271.40,-0.79%
04/09/2022,278.91,277.80,280.30,275.11,203.61,0.40%
03/09/2022,277.80,277.50,278.60,274.40,157.25,0.11%
02/09/2022,277.50,278.40,283.10,274.10,335.98,-0.29%
01/09/2022,278.31,279.20,280.30,270.82,438.34,-0.29%
31/08/2022,279.11,281.50,289.80,277.70,402.50,-0.85%
30/08/2022,281.50,285.90,292.00,276.80,454.39,-1.54%
29/08/2022,285.90,276.49,286.60,272.40,501.73,3.40%
28/08/2022,276.49,277.90,284.00,275.79,329.44,-0.47%
27/08/2022,277.80,279.50,284.50,274.30,432.31,-0.51%
26/08/2022,279.22,301.30,301.61,277.20,616.52,-7.33%
25/08/2022,301.30,296.40,306.70,296.00,416.12,1.65%
24/08/2022,296.40,299.11,300.11,294.50,357.19,-0.91%
23/08/2022,299.11,300.20,301.60,293.90,419.58,-0.36%
22/08/2022,300.20,301.71,304.40,288.89,665.96,-0.50%
21/08/2022,301.71,283.80,303.91,283.60,561.98,6.31%
20/08/2022,283.80,279.11,289.00,277.23,539.84,1.67%
19/08/2022,279.12,298.10,298.10,277.99,913.48,-6.34%
18/08/2022,298.01,306.90,310.39,295.99,434.29,-2.90%
17/08/2022,306.90,316.10,323.62,304.70,530.06,-2.91%
16/08/2022,316.11,319.50,322.30,312.39,390.59,-1.06%
15/08/2022,319.50,317.51,327.11,313.89,478.54,0.63%
14/08/2022,317.51,324.11,330.99,316.00,405.75,-2.03%
13/08/2022,324.10,328.00,332.80,323.00,429.43,-1.19%
12/08/2022,328.00,323.60,328.00,318.09,404.31,1.36%
11/08/2022,323.60,328.80,334.60,322.10,574.50,-1.58%
10/08/2022,328.80,324.40,336.60,313.80,877.79,1.36%
09/08/2022,324.40,324.99,328.10,312.51,530.17,-0.18%
08/08/2022,325.00,322.80,333.51,321.21,617.09,0.68%
07/08/2022,322.80,315.20,325.31,308.67,449.01,2.47%
06/08/2022,315.01,315.90,322.61,312.99,422.57,-0.28%
05/08/2022,315.90,311.80,321.40,308.10,682.09,1.41%
04/08/2022,311.50,297.50,313.10,297.30,849.60,4.70%
03/08/2022,297.50,283.80,305.50,278.31,715.47,4.83%
02/08/2022,283.80,283.49,290.81,274.69,652.87,0.11%
01/08/2022,283.49,283.50,290.40,278.10,517.91,-0.00%
31/07/2022,283.50,287.80,296.90,282.21,592.91,-1.46%
30/07/2022,287.70,293.61,299.90,285.10,721.68,-2.01%
29/07/2022,293.61,277.20,301.51,274.90,1.13,5.92%
28/07/2022,277.20,271.60,280.50,263.91,707.00,2.06%
27/07/2022,271.60,249.50,271.89,247.60,687.73,8.94%
26/07/2022,249.30,244.69,249.30,239.70,383.39,1.88%
25/07/2022,244.70,261.49,262.60,244.70,479.42,-6.42%
24/07/2022,261.50,259.20,266.00,257.29,348.73,0.89%
23/07/2022,259.20,262.50,272.31,252.90,510.76,-1.15%
22/07/2022,262.21,265.50,271.30,261.20,527.65,-1.24%
21/07/2022,265.50,258.11,265.90,250.80,569.55,2.79%
20/07/2022,258.30,268.60,272.00,256.70,800.68,-3.83%
19/07/2022,268.60,264.20,274.50,256.00,973.37,1.51%
18/07/2022,264.60,247.80,265.31,247.70,777.09,6.78%
17/07/2022,247.80,249.80,255.50,246.60,463.53,-0.80%
16/07/2022,249.79,238.50,251.00,233.99,461.48,4.78%
15/07/2022,238.40,238.40,242.51,235.60,484.60,0.00%
14/07/2022,238.40,230.59,239.80,227.11,603.25,3.39%
13/07/2022,230.59,220.60,230.89,216.70,754.34,4.53%
12/07/2022,220.60,225.70,228.30,220.29,427.30,-2.26%
11/07/2022,225.70,234.60,234.90,225.29,435.87,-3.79%
10/07/2022,234.60,243.39,243.49,231.89,412.68,-3.61%
09/07/2022,243.39,240.80,244.90,240.70,281.31,1.08%
08/07/2022,240.80,241.49,247.00,237.19,666.74,-0.29%
07/07/2022,241.50,238.49,243.69,235.40,514.19,1.22%
06/07/2022,238.59,231.09,239.81,229.01,683.51,3.24%
05/07/2022,231.09,231.30,236.60,223.12,731.55,-0.09%
04/07/2022,231.30,219.20,232.11,215.09,543.90,5.52%
03/07/2022,219.20,218.20,219.90,214.22,386.92,0.46%
02/07/2022,218.20,216.90,219.70,213.91,367.35,0.65%
01/07/2022,216.79,219.41,226.80,213.60,862.60,-1.18%
30/06/2022,219.39,219.69,220.19,205.90,829.04,-0.14%
29/06/2022,219.69,227.09,229.70,215.70,755.92,-3.26%
28/06/2022,227.09,233.70,242.31,225.99,669.95,-2.82%
27/06/2022,233.69,233.91,240.79,230.40,508.72,-0.13%
26/06/2022,234.00,239.69,244.99,233.40,491.51,-2.38%
25/06/2022,239.69,240.19,241.90,230.00,521.63,-0.21%
24/06/2022,240.19,228.80,243.09,228.40,745.88,4.97%
23/06/2022,228.81,214.10,230.19,214.10,829.96,6.87%
22/06/2022,214.10,220.10,220.79,211.39,736.67,-2.73%
21/06/2022,220.10,216.50,228.39,213.30,884.07,1.62%
20/06/2022,216.60,215.00,218.71,204.89,928.37,0.74%
19/06/2022,215.00,197.09,216.52,189.80,1.18,9.09%
18/06/2022,197.09,215.70,218.90,184.06,1.52,-8.63%
17/06/2022,215.70,210.10,221.80,207.90,732.05,2.66%
16/06/2022,210.10,233.70,236.82,207.90,1.04,-10.09%
15/06/2022,233.70,223.13,234.49,198.99,2.22,4.61%
14/06/2022,223.40,222.71,231.18,204.61,2.11,0.31%
13/06/2022,222.71,254.90,257.69,213.91,2.63,-12.63%
12/06/2022,254.90,269.71,271.80,251.24,922.74,-5.49%
11/06/2022,269.71,286.29,290.40,265.58,666.56,-5.79%
10/06/2022,286.29,289.90,297.40,283.20,902.83,-1.25%
09/06/2022,289.90,288.40,293.40,286.39,368.85,0.52%
08/06/2022,288.41,290.30,294.57,284.12,561.29,-0.65%
07/06/2022,290.30,295.20,295.72,274.17,1.08,-1.66%
06/06/2022,295.20,298.98,312.11,288.46,821.94,-1.26%
05/06/2022,298.98,301.40,302.40,295.00,306.12,-0.80%
04/06/2022,301.40,297.93,302.80,297.32,326.83,0.90%
03/06/2022,298.70,308.41,310.20,293.49,515.22,-3.15%
02/06/2022,308.41,300.49,309.21,298.38,522.00,2.63%
01/06/2022,300.49,320.79,324.29,297.71,886.64,-6.33%
31/05/2022,320.79,321.80,324.60,313.61,751.92,-0.31%
30/05/2022,321.80,305.90,323.70,304.10,1.09,5.20%
29/05/2022,305.90,307.59,308.01,299.01,551.18,-0.55%
28/05/2022,307.59,301.45,310.26,297.10,678.02,2.16%
27/05/2022,301.09,303.19,309.50,291.40,1.60,-0.70%
26/05/2022,303.20,325.79,331.61,298.31,1.59,-6.93%
25/05/2022,325.79,328.30,337.39,324.48,1.12,-0.76%
24/05/2022,328.30,316.98,330.20,313.49,1.16,3.57%
23/05/2022,316.98,319.31,337.00,315.49,1.08,-0.72%
22/05/2022,319.30,312.40,323.39,311.70,673.70,2.21%
21/05/2022,312.40,302.29,314.10,299.50,505.94,3.35%
20/05/2022,302.28,306.99,315.86,294.39,980.10,-1.50%
19/05/2022,306.90,287.61,308.90,287.10,724.79,6.71%
18/05/2022,287.61,306.10,308.30,287.09,767.47,-6.04%
17/05/2022,306.10,297.02,310.60,296.79,737.17,3.06%
16/05/2022,297.00,312.20,312.40,290.40,1.01,-4.87%
15/05/2022,312.20,296.90,312.60,285.90,792.50,5.15%
14/05/2022,296.90,290.89,299.40,272.40,1.12,2.07%
13/05/2022,290.89,268.51,313.10,265.60,1.95,8.34%
12/05/2022,268.51,270.92,284.70,219.98,4.59,-0.89%
11/05/2022,270.92,319.00,322.70,261.48,3.61,-15.07%
10/05/2022,318.99,296.31,332.40,289.80,2.31,7.66%
09/05/2022,296.30,355.79,359.29,296.30,2.28,-16.74%
08/05/2022,355.88,365.48,366.90,350.58,866.37,-2.63%
07/05/2022,365.48,379.11,380.60,360.62,632.40,-3.60%
06/05/2022,379.11,378.48,383.09,370.69,818.35,0.14%
05/05/2022,378.57,402.51,412.81,374.66,1.35,-5.95%
04/05/2022,402.51,383.80,403.09,382.88,651.20,4.88%
03/05/2022,383.79,389.50,392.20,379.89,423.70,-1.47%
02/05/2022,389.50,389.91,392.39,382.39,487.85,-0.10%
01/05/2022,389.89,376.99,391.30,376.00,632.32,3.42%
30/04/2022,377.01,392.99,399.80,376.69,634.84,-4.07%
29/04/2022,392.99,407.19,410.59,390.10,781.51,-3.49%
28/04/2022,407.19,391.31,408.41,388.51,1.03,4.06%
27/04/2022,391.31,385.91,394.61,383.60,633.90,1.40%
26/04/2022,385.91,404.30,407.31,381.21,689.80,-4.55%
25/04/2022,404.30,398.89,405.41,383.00,935.57,1.35%
24/04/2022,398.90,401.12,405.39,397.78,368.20,-0.55%
23/04/2022,401.10,406.60,407.99,398.58,392.09,-1.35%
22/04/2022,406.60,405.00,413.81,403.52,621.07,0.40%
21/04/2022,405.00,418.29,425.81,401.72,830.74,-3.18%
20/04/2022,418.29,422.20,431.12,415.20,749.98,-0.93%
19/04/2022,422.20,416.82,424.53,414.79,663.87,1.29%
18/04/2022,416.82,406.79,418.01,396.41,690.23,2.46%
17/04/2022,406.81,417.10,418.20,405.71,338.55,-2.47%
16/04/2022,417.10,417.22,418.70,411.70,272.23,-0.03%
15/04/2022,417.22,414.70,419.99,412.69,389.03,0.61%
14/04/2022,414.70,423.11,426.89,411.62,529.98,-1.98%
13/04/2022,423.08,413.67,424.49,410.61,724.41,2.28%
12/04/2022,413.67,394.22,416.60,392.57,821.33,4.94%
11/04/2022,394.20,417.82,419.60,391.87,962.78,-5.65%
10/04/2022,417.82,426.83,429.41,417.47,432.81,-2.11%
09/04/2022,426.83,421.58,428.20,419.81,414.75,1.24%
08/04/2022,421.60,436.31,440.71,418.91,769.82,-3.37%
07/04/2022,436.31,420.19,438.49,416.88,803.59,3.84%
06/04/2022,420.19,444.60,444.60,418.55,1.03,-5.49%
05/04/2022,444.60,447.83,459.98,444.29,838.17,-0.73%
04/04/2022,447.87,450.31,450.50,433.63,840.54,-0.54%
03/04/2022,450.30,436.85,455.68,432.30,766.76,3.09%
02/04/2022,436.82,447.61,453.96,435.99,915.82,-2.41%
01/04/2022,447.59,428.84,447.59,413.53,1.08,4.37%
31/03/2022,428.84,442.01,452.11,424.49,1.08,-2.98%
30/03/2022,442.01,434.17,449.20,425.78,856.98,1.78%
29/03/2022,434.27,429.81,441.60,429.70,706.07,1.04%
28/03/2022,429.81,430.71,440.82,428.29,806.52,-0.21%
27/03/2022,430.71,415.82,431.39,411.81,549.35,3.52%
26/03/2022,416.08,410.21,416.40,407.50,318.19,1.43%
25/03/2022,410.21,414.29,421.49,405.63,664.78,-0.98%
24/03/2022,414.29,408.41,416.50,405.38,654.66,1.46%
23/03/2022,408.32,404.21,411.61,398.38,584.51,1.02%
22/03/2022,404.21,396.08,409.90,394.99,671.45,2.05%
21/03/2022,396.09,390.82,399.21,385.59,595.93,1.35%
20/03/2022,390.82,399.91,400.61,386.41,447.96,-2.29%
19/03/2022,400.00,397.20,406.10,395.10,520.29,0.70%
18/03/2022,397.20,391.90,400.00,384.10,216.45,1.35%
17/03/2022,391.90,385.30,393.20,381.80,220.72,1.69%
16/03/2022,385.40,371.60,386.50,368.10,252.61,3.77%
15/03/2022,371.40,373.30,374.60,362.30,162.42,-0.51%
14/03/2022,373.30,361.60,373.90,359.80,171.96,3.24%
13/03/2022,361.60,372.40,377.10,360.20,157.45,-2.90%
12/03/2022,372.40,371.90,379.20,371.30,151.35,0.13%
11/03/2022,371.90,372.00,379.70,364.90,189.86,-0.05%
10/03/2022,372.10,393.10,394.50,363.20,296.48,-5.34%
09/03/2022,393.10,381.40,402.30,381.10,399.54,2.96%
08/03/2022,381.80,381.10,387.90,377.20,247.92,0.18%
07/03/2022,381.10,375.00,385.50,363.20,356.42,1.65%
06/03/2022,374.90,384.70,387.20,372.90,185.66,-2.55%
05/03/2022,384.70,374.50,387.20,367.80,171.62,2.72%
04/03/2022,374.50,402.60,403.39,372.09,294.17,-6.98%
03/03/2022,402.60,409.20,413.08,397.60,648.92,-1.61%
02/03/2022,409.20,408.59,415.59,403.90,874.33,0.15%
01/03/2022,408.59,395.61,420.35,391.00,1.48,3.28%
28/02/2022,395.61,359.92,397.09,356.00,815.14,9.92%
27/02/2022,359.91,373.60,380.90,358.21,726.15,-3.59%
26/02/2022,373.31,375.17,385.60,370.60,584.74,-0.42%
25/02/2022,374.89,361.19,376.90,357.09,834.85,3.82%
24/02/2022,361.10,365.69,369.80,323.89,2.03,-1.26%
23/02/2022,365.69,374.20,383.82,365.60,739.08,-2.27%
22/02/2022,374.20,356.52,374.92,349.30,984.89,4.96%
21/02/2022,356.50,380.32,393.61,355.01,1.27,-6.26%
20/02/2022,380.31,399.70,399.99,375.39,667.90,-4.85%
19/02/2022,399.70,399.21,406.31,393.21,448.75,0.12%
18/02/2022,399.20,402.97,410.99,392.89,657.32,-0.94%
17/02/2022,402.97,427.38,431.00,400.19,713.82,-5.71%
16/02/2022,427.38,432.31,433.30,422.80,661.38,-1.12%
15/02/2022,432.21,403.49,441.20,402.70,1.24,7.12%
14/02/2022,403.49,397.83,404.20,390.61,500.69,1.43%
13/02/2022,397.80,403.22,407.02,394.90,426.23,-1.34%
12/02/2022,403.20,400.16,406.90,393.59,569.68,0.75%
11/02/2022,400.19,414.89,418.80,392.90,767.57,-3.54%
10/02/2022,414.89,422.81,434.69,410.50,1.02,-1.87%
09/02/2022,422.80,407.71,427.30,407.31,686.30,3.70%
08/02/2022,407.72,433.29,444.86,406.41,1.22,-5.90%
07/02/2022,433.29,420.01,438.61,413.59,810.27,3.16%
06/02/2022,420.00,413.99,421.30,407.79,576.76,1.45%
05/02/2022,413.99,399.49,430.88,396.60,1.10,3.63%
04/02/2022,399.49,371.88,399.49,369.62,924.97,7.42%
03/02/2022,371.88,367.10,371.90,359.82,535.06,1.30%
02/02/2022,367.10,384.21,386.11,366.30,612.86,-4.45%
01/02/2022,384.21,374.31,388.02,374.01,594.73,2.67%
31/01/2022,374.21,377.50,385.20,365.59,658.95,-0.87%
30/01/2022,377.50,389.29,389.49,372.81,572.48,-3.03%
29/01/2022,389.29,386.00,396.92,381.21,579.88,0.85%
28/01/2022,386.00,390.03,395.13,376.19,812.65,-1.03%
27/01/2022,390.03,374.91,393.00,360.10,1.05,4.03%
26/01/2022,374.91,384.88,401.34,366.40,1.16,-2.59%
25/01/2022,384.88,371.59,387.97,357.79,1.10,3.58%
24/01/2022,371.58,384.10,384.10,336.82,2.04,-3.26%
23/01/2022,384.10,358.30,388.89,356.60,1.37,7.14%
22/01/2022,358.50,384.30,388.99,337.57,2.71,-6.71%
21/01/2022,384.30,440.43,444.31,374.98,1.99,-12.74%
20/01/2022,440.43,462.27,478.29,438.49,1.22,-4.73%
19/01/2022,462.28,471.21,472.80,454.09,626.89,-1.89%
18/01/2022,471.21,475.01,479.31,457.50,749.84,-0.80%
17/01/2022,475.01,498.50,498.98,467.40,805.11,-4.71%
16/01/2022,498.50,494.49,505.59,488.90,549.92,0.77%
15/01/2022,494.67,490.00,500.80,485.30,607.71,0.95%
14/01/2022,490.00,475.12,492.08,468.29,896.28,3.14%
13/01/2022,475.09,487.04,488.90,467.09,994.44,-2.45%
12/01/2022,487.01,463.51,489.60,456.71,883.73,5.08%
11/01/2022,463.48,424.81,467.50,421.50,1.35,9.10%
10/01/2022,424.81,438.60,445.40,407.67,1.29,-3.14%
09/01/2022,438.60,429.32,444.40,427.31,751.21,2.16%
08/01/2022,429.32,447.90,459.30,417.13,1.12,-4.11%
07/01/2022,447.71,472.89,473.70,438.20,1.38,-5.33%
06/01/2022,472.89,473.61,481.30,459.41,1.02,-0.15%
05/01/2022,473.61,506.99,515.81,459.04,1.03,-6.59%
04/01/2022,507.00,511.70,519.70,502.40,724.32,-0.92%
03/01/2022,511.70,531.00,532.60,510.21,700.85,-3.68%
02/01/2022,531.28,527.41,533.59,518.40,435.89,0.74%
01/01/2022,527.40,511.70,527.51,511.60,478.60,3.07%
31/12/2021,511.70,518.50,528.10,507.11,726.07,-1.31%
30/12/2021,518.50,514.50,527.60,508.81,676.81,0.83%
29/12/2021,514.22,534.21,540.40,511.20,776.59,-3.74%
28/12/2021,534.19,563.59,563.60,529.27,1.05,-5.17%
27/12/2021,563.30,546.49,571.60,543.29,844.13,3.08%
26/12/2021,546.49,547.33,549.20,536.39,579.22,-0.15%
25/12/2021,547.33,541.78,550.40,539.67,500.45,1.02%
24/12/2021,541.78,548.70,554.12,537.96,728.05,-1.26%
23/12/2021,548.70,533.43,552.31,524.73,897.97,2.86%
22/12/2021,533.43,528.50,544.50,527.40,778.93,0.93%
21/12/2021,528.50,523.34,535.19,517.51,705.94,0.99%
20/12/2021,523.31,529.90,534.59,506.31,767.19,-1.24%
19/12/2021,529.90,534.19,544.21,527.51,575.84,-0.81%
18/12/2021,534.20,525.90,537.69,516.70,614.60,1.58%
17/12/2021,525.90,526.01,535.42,511.30,959.71,-0.02%
16/12/2021,526.01,541.10,545.02,525.30,777.27,-2.79%
15/12/2021,541.10,528.30,546.23,502.09,1.23,2.42%
14/12/2021,528.30,520.88,535.68,510.21,1.37,1.42%
13/12/2021,520.88,570.51,572.11,512.07,1.11,-8.70%
12/12/2021,570.51,563.24,574.01,559.51,594.62,1.29%
11/12/2021,563.24,552.53,572.16,542.33,1.02,1.94%
10/12/2021,552.53,570.77,594.92,551.46,1.19,-3.20%
09/12/2021,570.78,606.90,616.24,567.92,1.20,-5.95%
08/12/2021,606.90,578.69,607.49,567.51,1.22,4.87%
07/12/2021,578.70,588.59,593.41,572.30,1.11,-1.68%
06/12/2021,588.59,557.61,592.61,533.30,2.16,5.56%
05/12/2021,557.60,568.60,581.81,542.72,1.30,-1.94%
04/12/2021,568.62,594.62,595.90,495.12,2.71,-4.37%
03/12/2021,594.62,620.21,627.80,576.78,1.33,-4.13%
02/12/2021,620.21,627.32,629.72,605.61,1.17,-1.13%
01/12/2021,627.32,621.51,649.59,618.72,1.46,0.66%
30/11/2021,623.23,623.60,634.52,603.71,1.46,-0.06%
29/11/2021,623.61,611.58,628.62,601.99,1.15,1.96%
28/11/2021,611.61,600.30,612.57,573.96,1.36,1.88%
27/11/2021,600.30,587.62,621.19,584.30,1.27,2.62%
26/11/2021,584.96,639.17,657.70,564.63,2.54,-8.43%
25/11/2021,638.79,590.61,646.51,587.72,1.62,8.16%
24/11/2021,590.61,591.10,593.89,577.40,1.14,-0.12%
23/11/2021,591.30,559.69,604.80,558.30,1.26,5.65%
22/11/2021,559.69,585.14,585.14,554.30,1.20,-4.35%
21/11/2021,585.14,604.28,604.91,580.11,1.03,-3.17%
20/11/2021,604.28,581.00,604.70,573.58,1.18,3.99%
19/11/2021,581.09,531.89,585.39,524.70,1.38,9.11%
18/11/2021,532.56,578.30,587.90,517.13,1.82,-7.91%
17/11/2021,578.31,588.91,592.50,554.64,1.55,-1.80%
16/11/2021,588.91,633.81,634.51,574.03,2.30,-7.04%
15/11/2021,633.51,650.80,659.20,631.30,992.20,-2.66%
14/11/2021,650.80,649.50,660.20,634.81,987.16,0.20%
13/11/2021,649.50,626.92,654.70,620.80,944.98,3.60%
12/11/2021,626.91,627.91,634.50,603.90,1.07,-0.30%
11/11/2021,628.80,614.80,634.80,606.01,1.07,2.28%
10/11/2021,614.81,634.90,662.60,575.72,1.89,-3.06%
09/11/2021,634.24,653.79,656.68,632.11,930.88,-2.99%
08/11/2021,653.79,649.50,655.49,631.70,1.35,0.66%
07/11/2021,649.50,636.30,668.80,630.91,1.54,2.07%
06/11/2021,636.30,607.31,636.30,595.99,1.43,4.77%
05/11/2021,607.31,558.70,614.61,554.42,2.12,8.61%
04/11/2021,559.16,568.48,568.69,543.82,1.15,-1.63%
03/11/2021,568.40,554.28,569.87,537.61,1.38,2.55%
02/11/2021,554.28,551.50,563.70,537.62,1.28,0.50%
01/11/2021,551.53,524.65,551.91,511.74,1.44,5.16%
31/10/2021,524.46,528.20,534.89,509.32,1.16,-0.71%
30/10/2021,528.20,529.61,540.31,512.18,1.19,-0.25%
29/10/2021,529.52,492.09,533.60,488.99,1.57,7.61%
28/10/2021,492.09,448.70,494.69,446.60,1.69,9.67%
27/10/2021,448.69,478.02,486.29,438.55,1.51,-6.13%
26/10/2021,478.01,484.91,489.58,474.17,795.25,-1.42%
25/10/2021,484.91,475.70,488.58,474.82,720.34,1.92%
24/10/2021,475.80,485.41,486.42,468.02,668.75,-1.98%
23/10/2021,485.41,478.83,485.41,472.91,597.10,1.38%
22/10/2021,478.83,470.92,497.89,470.92,1.23,1.64%
21/10/2021,471.10,501.30,504.79,467.26,2.02,-5.99%
20/10/2021,501.11,488.10,505.62,482.35,1.05,2.67%
19/10/2021,488.10,485.00,497.40,481.10,1.01,0.64%
18/10/2021,485.00,470.91,487.20,467.22,1.20,3.04%
17/10/2021,470.71,465.12,472.40,455.77,978.52,1.20%
16/10/2021,465.12,474.31,484.40,462.43,1.14,-1.94%
15/10/2021,474.31,472.42,477.41,452.85,1.64,0.40%
14/10/2021,472.42,470.41,482.59,461.80,1.56,0.43%
13/10/2021,470.41,444.39,471.60,434.08,3.59,6.03%
12/10/2021,443.65,413.39,444.01,392.49,2.12,7.32%
11/10/2021,413.38,404.19,423.86,400.42,836.99,2.27%
10/10/2021,404.19,421.72,422.18,402.41,802.32,-4.15%
09/10/2021,421.69,418.70,425.88,416.51,695.80,0.71%
08/10/2021,418.70,438.21,441.59,416.00,1.65,-4.45%
07/10/2021,438.21,434.79,449.89,424.11,1.28,0.76%
06/10/2021,434.88,442.19,442.79,414.91,1.36,-1.66%
05/10/2021,442.21,426.39,443.90,424.21,973.60,3.69%
04/10/2021,426.48,430.32,430.87,411.61,1.07,-0.89%
03/10/2021,430.32,427.18,436.89,422.34,936.53,0.73%
02/10/2021,427.22,421.31,438.00,410.80,1.22,1.40%
01/10/2021,421.31,387.59,423.30,381.79,1.57,8.70%
30/09/2021,387.59,367.49,388.49,366.49,1.25,5.47%
29/09/2021,367.51,332.91,375.01,331.57,1.85,10.38%
28/09/2021,332.94,335.32,344.41,330.01,1.02,-0.71%
27/09/2021,335.32,344.52,357.50,335.30,1.04,-2.67%
26/09/2021,344.53,349.51,352.62,320.10,1.69,-1.43%
25/09/2021,349.51,355.10,360.49,343.72,967.04,-1.57%
24/09/2021,355.10,383.53,384.99,334.67,1.79,-7.44%
23/09/2021,383.63,378.82,384.49,369.21,1.04,1.27%
22/09/2021,378.83,343.36,379.89,342.42,1.15,10.35%
21/09/2021,343.30,364.17,375.69,337.35,1.71,-5.58%
20/09/2021,363.60,408.39,409.60,355.33,2.02,-10.97%
19/09/2021,408.39,410.70,418.95,403.45,819.71,-0.56%
18/09/2021,410.70,406.22,419.87,401.63,810.07,1.11%
17/09/2021,406.21,424.22,425.79,401.37,923.27,-4.24%
16/09/2021,424.22,431.20,433.90,415.99,1.12,-1.60%
15/09/2021,431.10,414.29,436.39,410.10,1.27,4.06%
14/09/2021,414.29,399.00,414.29,396.11,997.13,3.83%
13/09/2021,399.00,416.98,419.39,385.32,1.62,-4.31%
12/09/2021,416.99,405.10,421.29,398.00,1.03,2.94%
11/09/2021,405.10,401.10,415.09,399.52,967.25,1.00%
10/09/2021,401.10,421.20,438.89,393.91,1.59,-4.77%
09/09/2021,421.20,414.61,435.59,404.11,1.60,1.59%
08/09/2021,414.60,417.32,425.48,383.71,2.17,-0.65%
07/09/2021,417.31,496.11,504.58,373.12,3.54,-15.88%
06/09/2021,496.11,504.49,508.86,487.85,1.18,-1.66%
05/09/2021,504.49,497.40,505.17,488.91,926.28,1.43%
04/09/2021,497.40,488.49,509.75,485.62,1.31,1.88%
03/09/2021,488.20,483.84,494.49,473.55,1.15,0.90%
02/09/2021,483.84,489.39,504.56,478.16,1.29,-1.21%
01/09/2021,489.78,464.29,489.98,455.51,1.36,5.49%
31/08/2021,464.29,460.10,477.08,452.50,1.52,0.91%
30/08/2021,460.10,479.82,480.87,457.43,1.16,-4.07%
29/08/2021,479.63,486.00,495.47,476.81,945.02,-1.31%
28/08/2021,486.01,494.48,496.78,482.71,925.23,-1.71%
27/08/2021,494.48,477.83,494.88,467.52,1.60,3.48%
26/08/2021,477.83,503.44,518.58,472.73,2.29,-5.09%
25/08/2021,503.44,471.95,506.84,470.14,2.30,6.67%
24/08/2021,471.95,499.79,504.05,461.33,2.14,-5.57%
23/08/2021,499.79,448.68,508.85,447.02,2.72,11.39%
22/08/2021,448.68,448.64,458.23,438.03,1.17,0.01%
21/08/2021,448.64,454.89,459.99,444.81,1.47,-1.37%
20/08/2021,454.87,431.42,457.54,421.98,1.73,5.44%
19/08/2021,431.42,396.44,431.42,391.07,1.89,8.81%
18/08/2021,396.48,401.94,412.07,386.69,1.81,-1.36%
17/08/2021,401.94,416.08,435.64,399.39,2.04,-3.40%
16/08/2021,416.08,414.10,436.64,411.06,1.90,0.48%
15/08/2021,414.10,408.91,414.88,396.65,1.28,1.27%
14/08/2021,408.91,410.89,418.76,400.43,1.49,-0.48%
13/08/2021,410.90,385.51,411.03,383.00,1.30,6.59%
12/08/2021,385.51,391.48,406.08,371.80,1.90,-1.52%
11/08/2021,391.48,371.90,408.17,371.12,1.97,5.26%
10/08/2021,371.90,354.50,376.20,348.97,1.71,4.91%
09/08/2021,354.50,341.83,357.34,333.53,1.33,3.70%
08/08/2021,341.83,356.18,359.78,337.08,1.32,-4.06%
07/08/2021,356.28,342.08,359.58,340.65,1.59,4.15%
06/08/2021,342.08,337.88,347.00,331.43,1.31,1.24%
05/08/2021,337.88,334.89,339.91,323.71,1.30,0.89%
04/08/2021,334.89,323.39,337.04,319.97,1.01,3.62%
03/08/2021,323.19,330.86,334.61,317.70,1.18,-2.32%
02/08/2021,330.86,332.76,338.06,326.39,1.15,-0.58%
01/08/2021,332.78,332.32,347.44,329.82,1.70,0.11%
31/07/2021,332.41,322.61,337.95,317.64,1.55,3.03%
30/07/2021,322.63,316.72,325.26,306.75,1.45,1.87%
29/07/2021,316.72,313.76,319.97,309.08,1.13,0.94%
28/07/2021,313.76,313.69,318.59,308.53,1.47,0.03%
27/07/2021,313.67,304.31,318.25,298.53,1.89,3.08%
26/07/2021,304.31,302.60,327.62,301.19,2.86,0.58%
25/07/2021,302.57,302.55,303.09,292.85,1.25,-0.19%
24/07/2021,303.15,298.91,305.01,296.16,1.81,1.42%
23/07/2021,298.89,293.51,301.15,281.68,1.98,1.83%
22/07/2021,293.53,293.08,297.69,287.55,1.47,0.15%
21/07/2021,293.08,264.59,298.69,261.51,2.18,10.77%
20/07/2021,264.59,280.48,283.25,255.79,2.25,-5.66%
19/07/2021,280.47,302.16,303.49,279.38,1.63,-7.18%
18/07/2021,302.18,300.34,309.00,299.60,1.03,0.62%
17/07/2021,300.31,302.88,306.41,295.11,1.31,-0.84%
16/07/2021,302.84,315.62,323.21,301.85,1.77,-4.04%
15/07/2021,315.58,309.49,324.15,301.92,2.49,1.98%
14/07/2021,309.45,308.96,313.29,290.93,1.65,0.15%
13/07/2021,308.98,316.15,318.16,305.35,1.08,-2.27%
12/07/2021,316.17,321.91,334.34,308.77,1.52,-1.77%
11/07/2021,321.88,316.07,326.55,312.28,929.54,1.84%
10/07/2021,316.07,316.77,321.20,310.82,958.95,-0.22%
09/07/2021,316.77,310.52,319.48,302.28,1.28,2.01%
08/07/2021,310.52,327.65,328.17,307.04,1.89,-5.24%
07/07/2021,327.68,320.01,339.36,318.33,2.02,2.39%
06/07/2021,320.02,302.01,321.89,301.95,2.34,5.86%
05/07/2021,302.31,307.88,307.88,292.40,1.62,-1.81%
04/07/2021,307.88,299.25,314.73,299.10,1.50,2.88%
03/07/2021,299.25,287.37,302.93,283.06,1.11,4.13%
02/07/2021,287.38,287.64,290.58,276.78,1.18,-0.09%
01/07/2021,287.63,303.24,303.41,281.40,1.62,-5.15%
30/06/2021,303.25,299.88,304.71,281.84,2.36,1.12%
29/06/2021,299.88,289.85,315.04,289.27,2.43,3.47%
28/06/2021,289.83,290.87,298.93,283.91,2.16,-0.35%
27/06/2021,290.86,279.45,291.08,270.00,1.79,4.08%
26/06/2021,279.45,281.15,290.05,264.47,2.63,-0.60%
25/06/2021,281.13,308.57,314.08,275.62,3.26,-8.81%
24/06/2021,308.31,296.13,316.20,281.74,3.12,4.11%
23/06/2021,296.14,261.47,309.45,251.90,4.07,13.27%
22/06/2021,261.45,271.81,290.65,225.93,6.75,-3.80%
21/06/2021,271.80,339.09,341.52,269.45,4.55,-19.94%
20/06/2021,339.47,334.15,340.38,310.54,1.99,1.58%
19/06/2021,334.19,336.71,344.33,331.88,1.33,-0.74%
18/06/2021,336.67,352.66,357.03,327.39,1.95,-4.53%
17/06/2021,352.64,347.14,362.36,346.18,1.53,1.58%
16/06/2021,347.15,366.77,366.77,343.49,1.89,-5.35%
15/06/2021,366.78,370.08,379.49,363.84,1.90,-0.89%
14/06/2021,370.06,365.83,377.02,355.23,2.42,1.16%
13/06/2021,365.83,343.26,369.00,330.64,2.39,6.58%
12/06/2021,343.23,345.59,348.75,325.63,2.55,-0.65%
11/06/2021,345.46,351.46,365.51,341.53,2.71,-1.70%
10/06/2021,351.43,375.53,376.81,344.96,2.96,-6.36%
09/06/2021,375.29,352.54,378.44,333.69,4.24,6.42%
08/06/2021,352.64,358.05,365.89,320.39,5.99,-1.52%
07/06/2021,358.08,393.23,406.99,354.55,3.60,-8.93%
06/06/2021,393.20,390.09,399.82,382.07,2.27,0.80%
05/06/2021,390.09,390.68,425.57,374.62,4.79,-0.23%
04/06/2021,390.97,428.47,428.71,366.56,5.92,-8.56%
03/06/2021,427.59,401.13,432.58,391.83,5.06,6.60%
02/06/2021,401.12,362.39,417.41,351.19,5.26,10.69%
01/06/2021,362.39,353.63,364.16,340.56,4.42,2.45%
31/05/2021,353.74,325.60,355.43,307.90,4.97,8.65%
30/05/2021,325.59,304.81,337.77,291.72,4.52,6.83%
29/05/2021,304.76,329.31,346.88,296.43,4.57,-7.45%
28/05/2021,329.31,369.79,373.28,313.42,6.31,-10.38%
27/05/2021,367.46,379.20,387.17,340.81,5.18,-3.10%
26/05/2021,379.22,343.76,387.25,337.40,5.82,10.31%
25/05/2021,343.77,345.44,374.86,307.55,7.93,-0.36%
24/05/2021,345.02,261.56,349.89,257.97,8.07,31.90%
23/05/2021,261.57,299.25,312.85,212.41,9.23,-12.59%
22/05/2021,299.25,326.44,334.69,286.50,5.57,-8.33%
21/05/2021,326.44,391.12,414.79,276.78,9.21,-16.86%
20/05/2021,392.64,335.09,423.50,287.48,8.49,17.16%
19/05/2021,335.12,508.27,515.55,282.30,11.92,-34.07%
18/05/2021,508.28,511.79,533.45,496.65,2.86,-0.68%
17/05/2021,511.76,563.37,563.38,484.30,4.24,-9.17%
16/05/2021,563.41,562.84,606.53,535.01,3.07,0.10%
15/05/2021,562.85,602.44,610.39,560.58,2.38,-6.57%
14/05/2021,602.46,571.76,614.69,566.69,2.30,5.37%
13/05/2021,571.76,585.61,632.91,527.16,5.74,-2.36%
12/05/2021,585.60,671.61,684.51,585.35,2.92,-12.89%
11/05/2021,672.26,631.66,672.98,622.87,2.78,6.42%
10/05/2021,631.68,661.65,690.87,592.52,3.24,-4.53%
09/05/2021,661.65,646.17,678.27,631.44,2.45,2.39%
08/05/2021,646.18,624.35,657.77,618.73,2.33,3.55%
07/05/2021,624.02,633.99,644.14,612.12,2.26,-1.46%
06/05/2021,633.28,650.81,653.58,620.02,2.35,-2.72%
05/05/2021,650.99,620.81,656.35,620.55,2.55,5.01%
04/05/2021,619.96,676.25,677.67,619.79,4.13,-8.37%
03/05/2021,676.56,621.96,679.98,621.56,3.14,8.78%
02/05/2021,621.95,619.91,628.93,595.75,2.35,0.34%
01/05/2021,619.84,623.25,643.21,611.49,2.72,-0.56%
30/04/2021,623.33,599.89,627.71,586.03,3.75,3.82%
29/04/2021,600.38,563.22,614.64,554.73,4.73,6.74%
28/04/2021,562.49,568.80,578.80,539.59,2.67,-1.11%
27/04/2021,568.80,535.22,578.33,525.76,2.95,6.27%
26/04/2021,535.23,504.29,549.96,502.41,3.25,6.14%
25/04/2021,504.29,497.46,516.91,479.40,2.64,1.37%
24/04/2021,497.50,526.52,527.18,483.39,3.16,-5.52%
23/04/2021,526.56,505.12,529.95,450.94,7.19,4.10%
22/04/2021,505.84,543.30,582.15,482.81,6.69,-6.90%
21/04/2021,543.34,587.45,612.86,537.64,5.96,-7.52%
20/04/2021,587.50,503.98,588.98,474.35,5.96,16.57%
19/04/2021,503.97,481.47,539.96,469.31,5.23,4.68%
18/04/2021,481.42,515.10,520.00,429.96,4.66,-6.54%
17/04/2021,515.13,508.25,547.78,506.90,3.06,1.26%
16/04/2021,508.73,542.30,547.51,491.21,4.33,-6.19%
15/04/2021,542.31,549.65,556.32,534.85,2.41,-1.33%
14/04/2021,549.61,550.13,590.36,525.39,4.36,-0.09%
13/04/2021,550.10,596.59,602.31,533.30,5.62,-8.10%
12/04/2021,598.62,525.54,636.11,515.56,9.53,13.91%
11/04/2021,525.54,471.54,528.95,459.50,3.77,11.28%
10/04/2021,472.25,453.50,486.69,451.23,4.81,4.14%
09/04/2021,453.50,418.60,453.50,404.83,3.80,8.57%
08/04/2021,417.71,375.47,421.63,372.48,4.25,11.25%
07/04/2021,375.47,402.69,414.08,358.20,6.40,-6.76%
06/04/2021,402.69,367.41,411.60,364.20,4.69,9.60%
05/04/2021,367.41,349.36,379.45,335.86,3.67,5.16%
04/04/2021,349.37,321.91,352.21,316.54,2.90,8.66%
03/04/2021,321.53,338.82,348.99,316.06,3.29,-4.94%
02/04/2021,338.25,334.33,356.51,326.06,4.45,1.17%
01/04/2021,334.33,302.19,339.00,300.79,4.61,10.64%
31/03/2021,302.18,311.41,316.44,287.24,4.95,-2.96%
30/03/2021,311.41,275.12,311.41,271.30,5.78,13.19%
29/03/2021,275.12,268.87,277.49,264.92,2.90,2.32%
28/03/2021,268.87,269.31,281.24,261.24,3.50,-0.17%
27/03/2021,269.32,254.99,275.91,249.86,3.29,5.62%
26/03/2021,254.99,233.96,255.09,233.95,2.79,8.85%
25/03/2021,234.25,248.60,249.72,225.90,3.74,-5.77%
24/03/2021,248.59,255.45,268.60,240.41,3.50,-2.68%
23/03/2021,255.43,254.85,262.75,252.27,2.82,0.16%
22/03/2021,255.03,264.74,276.81,253.43,3.44,-3.67%
21/03/2021,264.74,264.39,267.92,257.12,2.12,0.24%
20/03/2021,264.10,263.14,274.49,261.65,2.52,0.36%
19/03/2021,263.15,261.28,269.00,255.39,2.41,0.79%
18/03/2021,261.09,269.85,277.73,257.70,3.33,-3.25%
17/03/2021,269.86,258.29,271.04,249.02,3.02,4.48%
16/03/2021,258.28,254.24,259.13,241.44,3.19,1.60%
15/03/2021,254.22,264.21,267.59,250.05,3.54,-3.79%
14/03/2021,264.25,275.89,276.77,264.25,2.58,-4.22%
13/03/2021,275.89,263.42,283.56,255.95,4.11,4.73%
12/03/2021,263.42,290.07,290.22,251.44,6.19,-9.19%
11/03/2021,290.07,278.15,314.44,272.98,6.91,4.29%
10/03/2021,278.15,293.00,295.31,268.74,6.32,-5.07%
09/03/2021,292.99,240.59,297.08,235.87,8.18,21.78%
08/03/2021,240.59,240.03,242.78,229.09,3.21,0.24%
07/03/2021,240.02,226.26,243.72,225.20,3.71,6.08%
06/03/2021,226.26,225.64,232.25,219.73,2.84,0.28%
05/03/2021,225.63,229.69,230.91,215.91,3.90,-1.77%
04/03/2021,229.70,240.62,249.66,225.65,4.24,-4.63%
03/03/2021,240.85,239.48,254.37,236.51,4.51,0.58%
02/03/2021,239.46,254.73,264.41,227.61,5.71,-5.99%
01/03/2021,254.72,210.04,259.51,209.51,8.32,21.27%
28/02/2021,210.04,225.54,228.47,195.22,6.00,-6.68%
27/02/2021,225.07,222.08,237.70,219.32,4.46,1.35%
26/02/2021,222.08,233.70,238.71,209.98,7.82,-4.97%
25/02/2021,233.70,254.26,264.46,232.19,7.22,-8.09%
24/02/2021,254.26,231.71,280.66,213.89,12.30,9.73%
23/02/2021,231.72,267.42,268.69,188.71,16.50,-13.35%
22/02/2021,267.43,293.77,295.15,222.44,13.34,-8.97%
21/02/2021,293.76,254.33,308.54,249.64,11.49,15.49%
20/02/2021,254.36,332.74,334.15,223.93,14.42,-23.56%
19/02/2021,332.74,195.74,346.82,195.07,21.23,69.99%
18/02/2021,195.74,165.38,199.66,163.11,11.91,18.36%
17/02/2021,165.38,130.09,175.33,126.91,10.82,27.13%
16/02/2021,130.09,129.99,133.43,126.34,3.57,0.08%
15/02/2021,129.98,135.97,142.07,118.64,5.26,-4.41%
14/02/2021,135.98,133.09,138.78,128.53,4.90,2.18%
13/02/2021,133.07,136.64,138.47,125.07,4.20,-2.52%
12/02/2021,136.52,124.03,140.93,121.10,6.22,10.07%
11/02/2021,124.03,128.73,132.76,118.07,6.54,-3.64%
10/02/2021,128.72,107.61,148.27,107.61,18.37,19.62%
09/02/2021,107.60,79.73,115.33,78.23,13.65,35.00%
08/02/2021,79.71,68.41,79.75,67.72,8.52,16.53%
07/02/2021,68.40,72.86,74.62,64.35,6.25,-5.76%
06/02/2021,72.58,67.74,75.43,61.96,8.97,7.12%
05/02/2021,67.75,55.66,68.72,55.66,5.75,21.74%
04/02/2021,55.66,52.15,56.65,51.46,4.52,6.76%
03/02/2021,52.13,50.99,52.56,49.82,3.41,2.24%
02/02/2021,50.99,51.42,52.99,49.26,5.78,-0.82%
01/02/2021,51.42,44.31,52.32,43.43,7.97,16.13%
31/01/2021,44.27,44.77,45.78,43.35,2.92,-1.08%
30/01/2021,44.76,42.88,45.09,42.60,3.24,4.40%
29/01/2021,42.87,42.48,44.00,41.84,3.91,0.93%
28/01/2021,42.47,40.97,43.08,40.36,3.35,3.63%
27/01/2021,40.99,41.74,42.05,39.67,2.93,-1.80%
26/01/2021,41.74,41.78,42.51,39.87,3.24,-0.10%
25/01/2021,41.78,41.82,43.38,40.57,3.14,-0.11%
24/01/2021,41.82,40.92,42.20,40.36,2.59,2.22%
23/01/2021,40.92,40.87,41.83,39.50,2.79,0.11%
22/01/2021,40.87,38.69,41.35,36.92,3.47,5.66%
21/01/2021,38.68,42.57,42.63,38.37,3.88,-9.14%
20/01/2021,42.57,42.60,42.76,40.29,4.23,-0.13%
19/01/2021,42.62,45.36,47.19,41.75,5.77,-6.02%
18/01/2021,45.35,45.91,46.88,44.07,3.37,-0.93%
17/01/2021,45.78,43.10,46.69,40.94,4.26,6.21%
16/01/2021,43.10,40.92,44.10,40.68,3.56,5.35%
15/01/2021,40.91,41.88,42.54,38.87,3.77,-2.31%
14/01/2021,41.88,40.12,41.93,39.65,3.59,4.39%
13/01/2021,40.12,38.24,40.42,37.05,3.91,4.89%
12/01/2021,38.25,38.16,40.01,37.13,4.38,0.00%
11/01/2021,38.26,42.42,42.44,35.10,8.52,-9.84%
10/01/2021,42.43,43.84,45.12,40.14,5.55,-3.19%
09/01/2021,43.83,42.33,44.02,41.51,3.56,3.55%
08/01/2021,42.33,43.62,43.65,40.34,4.69,-3.01%
07/01/2021,43.64,42.22,44.47,41.41,6.79,3.45%
06/01/2021,42.19,41.79,42.19,40.50,5.24,0.95%
05/01/2021,41.79,41.12,41.79,38.86,4.88,1.68%
04/01/2021,41.10,41.25,43.21,38.09,6.87,-0.29%
03/01/2021,41.22,38.24,41.64,37.78,6.34,7.81%
02/01/2021,38.23,37.73,38.46,36.81,3.94,1.35%
01/01/2021,37.72,37.33,38.93,36.98,3.24,1.04%
31/12/2020,37.34,38.10,38.19,36.73,2.57,-2.01%
30/12/2020,38.10,39.14,39.21,36.84,3.38,-2.56%
29/12/2020,39.10,35.94,39.70,35.31,9.68,8.80%
28/12/2020,35.94,33.64,36.09,33.35,5.58,6.72%
27/12/2020,33.68,33.60,34.97,31.97,4.90,0.26%
26/12/2020,33.59,33.18,34.00,32.57,3.17,1.23%
25/12/2020,33.18,32.51,33.48,31.80,3.35,2.06%
24/12/2020,32.51,31.19,32.74,30.40,3.93,4.22%
23/12/2020,31.19,33.52,34.43,30.03,5.45,-6.94%
22/12/2020,33.52,32.14,33.77,30.50,5.01,4.24%
21/12/2020,32.15,34.27,35.60,31.53,6.15,-6.18%
20/12/2020,34.27,33.30,35.63,32.61,5.83,2.92%
19/12/2020,33.30,30.96,34.21,30.91,5.31,7.56%
18/12/2020,30.96,30.22,31.21,29.69,2.87,2.43%
17/12/2020,30.22,30.56,31.51,29.76,4.49,-1.09%
16/12/2020,30.56,29.51,30.62,29.04,3.09,3.54%
15/12/2020,29.51,30.03,30.35,29.33,2.61,-1.71%
14/12/2020,30.03,29.14,30.18,28.66,2.68,3.05%
13/12/2020,29.14,28.17,29.26,28.02,2.18,3.53%
12/12/2020,28.14,27.34,28.23,27.28,1.75,2.98%
11/12/2020,27.33,27.73,27.79,26.73,1.70,-1.19%
10/12/2020,27.66,28.15,28.25,27.45,1.74,-1.71%
09/12/2020,28.14,27.63,28.42,26.94,2.51,1.67%
08/12/2020,27.68,29.36,29.52,27.47,2.86,-5.76%
07/12/2020,29.37,29.49,29.65,29.00,1.64,-0.66%
06/12/2020,29.56,29.73,30.17,29.01,1.72,-0.57%
05/12/2020,29.73,29.02,30.04,28.65,2.34,2.41%
04/12/2020,29.03,30.68,31.19,28.81,2.67,-5.44%
03/12/2020,30.70,30.30,30.79,29.89,2.43,1.33%
02/12/2020,30.30,30.08,30.99,29.61,2.93,0.30%
01/12/2020,30.21,31.42,31.88,29.23,4.15,-4.08%
30/11/2020,31.49,30.10,31.59,29.72,3.82,4.67%
29/11/2020,30.09,29.15,30.45,28.92,3.78,3.18%
28/11/2020,29.16,28.46,29.61,27.92,3.54,2.52%
27/11/2020,28.44,28.22,28.71,27.23,3.26,0.78%
26/11/2020,28.22,31.28,31.76,26.45,8.78,-9.80%
25/11/2020,31.29,33.93,35.38,30.54,6.28,-7.74%
24/11/2020,33.91,32.33,35.13,31.59,9.72,9.46%
23/11/2020,30.98,30.04,31.06,29.80,3.94,3.14%
22/11/2020,30.04,30.49,31.12,29.00,3.92,-1.50%
21/11/2020,30.50,28.96,30.79,28.33,4.24,5.31%
20/11/2020,28.96,28.12,29.30,28.08,3.35,3.05%
19/11/2020,28.10,28.07,28.35,27.62,2.77,0.10%
18/11/2020,28.07,28.55,28.77,27.51,3.08,-1.70%
17/11/2020,28.56,27.95,28.75,27.93,3.06,2.12%
16/11/2020,27.96,27.67,28.21,27.45,2.36,1.08%
15/11/2020,27.66,27.92,28.22,27.08,2.04,-0.90%
14/11/2020,27.91,28.21,28.21,27.39,2.10,-0.98%
13/11/2020,28.19,27.71,28.51,27.52,2.65,1.75%
12/11/2020,27.71,28.00,28.15,27.31,2.30,-1.02%
11/11/2020,27.99,28.21,28.58,27.83,2.66,-0.72%
10/11/2020,28.19,28.09,28.48,27.67,3.00,0.38%
09/11/2020,28.09,28.38,28.94,27.36,3.05,-1.05%
08/11/2020,28.38,27.76,28.70,27.46,3.21,2.24%
07/11/2020,27.76,29.06,29.86,26.90,4.36,-4.46%
06/11/2020,29.06,27.69,29.44,27.68,3.83,4.94%
05/11/2020,27.69,26.94,27.89,26.68,3.38,2.77%
04/11/2020,26.94,26.88,26.96,25.95,3.01,0.26%
03/11/2020,26.87,27.80,27.80,25.84,3.63,-3.33%
02/11/2020,27.80,28.52,29.30,27.80,2.95,-2.50%
01/11/2020,28.51,28.51,28.68,28.08,2.65,0.00%
31/10/2020,28.51,28.49,28.88,28.13,2.77,0.07%
30/10/2020,28.49,29.87,30.25,27.58,4.41,-4.60%
29/10/2020,29.86,30.33,30.42,29.49,2.76,-1.55%
28/10/2020,30.33,31.49,31.93,29.81,3.11,-3.71%
27/10/2020,31.50,31.04,32.37,30.91,3.98,1.48%
26/10/2020,31.04,30.15,31.39,29.96,3.65,2.96%
25/10/2020,30.15,30.63,30.96,29.90,2.12,-1.60%
24/10/2020,30.64,30.64,30.85,30.42,2.25,0.02%
23/10/2020,30.64,30.64,31.17,30.09,2.81,-0.03%
22/10/2020,30.65,29.74,31.29,29.71,3.87,3.05%
21/10/2020,29.74,28.78,30.39,28.64,3.69,3.28%
20/10/2020,28.80,29.92,30.08,28.50,3.55,-3.74%
19/10/2020,29.92,30.65,30.66,29.74,2.45,-2.44%
18/10/2020,30.66,30.22,31.01,30.17,3.10,1.43%
17/10/2020,30.23,30.02,30.56,29.68,2.57,0.71%
16/10/2020,30.02,31.29,31.96,29.57,4.09,-4.13%
15/10/2020,31.31,30.84,31.65,30.43,3.67,1.52%
14/10/2020,30.84,30.73,31.32,30.40,3.39,0.39%
13/10/2020,30.72,30.66,31.78,30.21,4.54,0.00%
12/10/2020,30.72,28.52,31.09,28.44,5.87,7.71%
11/10/2020,28.52,28.41,28.72,27.91,3.21,0.51%
10/10/2020,28.38,28.40,29.24,28.11,3.23,0.00%
09/10/2020,28.38,27.69,28.51,27.48,3.47,2.49%
08/10/2020,27.69,27.70,27.80,26.54,3.35,0.00%
07/10/2020,27.70,27.69,27.90,26.84,2.81,0.00%
06/10/2020,27.70,28.58,28.98,27.26,3.78,-3.12%
05/10/2020,28.59,29.01,29.25,28.10,3.05,-1.46%
04/10/2020,29.01,28.19,29.10,28.01,4.09,2.97%
03/10/2020,28.18,27.31,28.38,27.08,3.90,3.22%
02/10/2020,27.30,27.45,28.16,25.71,5.51,-0.66%
01/10/2020,27.48,29.27,29.38,26.26,5.34,-6.28%
30/09/2020,29.32,28.81,29.55,27.90,4.13,1.79%
29/09/2020,28.81,26.99,28.99,26.90,4.80,6.76%
28/09/2020,26.98,26.23,27.70,25.85,4.28,2.87%
27/09/2020,26.23,26.18,26.87,25.54,3.43,0.13%
26/09/2020,26.20,24.68,26.46,24.48,4.14,6.14%
25/09/2020,24.68,24.57,25.06,23.78,3.80,0.44%
24/09/2020,24.57,22.81,24.66,22.59,4.39,7.74%
23/09/2020,22.81,24.04,24.32,22.47,4.21,-5.10%
22/09/2020,24.03,23.03,24.55,22.75,4.43,4.35%
21/09/2020,23.03,26.32,26.65,22.32,7.10,-12.64%
20/09/2020,26.37,27.20,27.31,25.14,3.94,-3.06%
19/09/2020,27.20,27.66,27.95,26.66,3.36,-1.70%
18/09/2020,27.67,27.06,28.73,26.65,5.75,2.26%
17/09/2020,27.06,27.83,28.78,26.06,6.22,-2.76%
16/09/2020,27.83,27.12,28.43,25.94,7.79,2.64%
15/09/2020,27.11,31.14,31.14,26.75,10.69,-12.83%
14/09/2020,31.10,31.14,33.35,29.05,12.31,-0.18%
13/09/2020,31.16,28.50,32.32,28.13,15.13,9.31%
12/09/2020,28.50,25.40,28.52,25.39,9.43,12.20%
11/09/2020,25.40,24.53,25.68,23.11,5.40,3.55%
10/09/2020,24.53,24.49,25.54,24.10,6.22,0.18%
09/09/2020,24.49,23.24,24.51,22.46,5.97,5.38%
08/09/2020,23.24,22.45,23.41,21.30,7.72,3.52%
07/09/2020,22.45,23.18,23.55,20.13,7.46,-3.17%
06/09/2020,23.18,19.47,23.44,18.58,10.83,19.08%
05/09/2020,19.47,20.96,21.53,18.02,5.88,-7.10%
04/09/2020,20.95,20.33,21.83,19.42,8.41,3.05%
03/09/2020,20.33,24.70,25.54,20.18,10.46,-17.69%
02/09/2020,24.70,24.72,25.81,23.23,8.96,-0.08%
01/09/2020,24.72,23.13,25.39,22.87,6.86,6.87%
31/08/2020,23.13,23.63,23.90,22.99,2.94,-2.09%
30/08/2020,23.63,22.94,23.83,22.91,3.13,2.98%
29/08/2020,22.94,23.07,23.50,22.75,2.89,-0.54%
28/08/2020,23.07,23.10,23.57,22.62,3.87,-0.16%
27/08/2020,23.11,22.20,23.14,21.83,4.46,4.09%
26/08/2020,22.20,21.39,22.48,21.28,3.85,3.76%
25/08/2020,21.39,22.61,22.63,20.99,3.53,-5.36%
24/08/2020,22.61,21.85,22.96,21.67,2.44,3.49%
23/08/2020,21.84,22.19,22.22,21.55,2.56,-1.61%
22/08/2020,22.20,22.09,22.26,21.29,3.00,0.62%
21/08/2020,22.06,23.07,23.33,21.63,3.85,-4.36%
20/08/2020,23.07,22.35,23.30,22.02,3.31,3.20%
19/08/2020,22.35,23.01,23.25,21.86,3.27,-2.85%
18/08/2020,23.01,23.51,23.77,22.37,3.86,-2.10%
17/08/2020,23.50,23.50,23.92,23.00,3.63,0.00%
16/08/2020,23.50,23.02,23.77,22.72,3.88,2.15%
15/08/2020,23.01,23.11,23.78,22.81,3.93,-0.45%
14/08/2020,23.11,21.78,23.29,21.27,5.34,6.13%
13/08/2020,21.78,21.50,21.86,20.64,4.38,1.28%
12/08/2020,21.50,21.27,21.97,20.60,3.57,1.10%
11/08/2020,21.27,22.63,22.72,20.70,4.55,-6.01%
10/08/2020,22.63,22.44,22.78,22.08,3.06,0.84%
09/08/2020,22.44,22.92,22.94,22.05,3.04,-2.12%
08/08/2020,22.92,22.34,22.92,21.86,3.37,2.63%
07/08/2020,22.33,22.75,23.00,21.50,4.14,-1.80%
06/08/2020,22.75,23.27,23.29,22.53,3.64,-2.30%
05/08/2020,23.28,22.30,23.54,22.09,5.36,4.39%
04/08/2020,22.30,22.07,22.44,21.52,3.65,1.07%
03/08/2020,22.07,21.00,22.49,20.72,4.06,5.07%
02/08/2020,21.00,21.63,22.15,19.26,5.00,-2.87%
01/08/2020,21.62,20.67,21.75,20.58,3.86,4.62%
31/07/2020,20.67,19.98,20.85,19.91,3.35,3.44%
30/07/2020,19.98,19.84,20.09,19.56,3.18,0.69%
29/07/2020,19.84,19.84,19.85,19.80,3.43,-1.61%
28/07/2020,20.17,19.79,20.62,19.46,5.19,1.87%
27/07/2020,19.79,19.55,20.18,18.45,5.59,1.23%
26/07/2020,19.55,19.80,20.25,19.34,4.23,-1.23%
25/07/2020,19.80,19.18,20.03,19.16,4.41,3.20%
24/07/2020,19.18,18.76,19.54,18.24,4.12,2.28%
23/07/2020,18.76,18.11,18.76,18.05,3.66,3.63%
22/07/2020,18.10,17.72,18.11,17.46,3.39,2.15%
21/07/2020,17.72,17.47,17.98,17.40,3.29,1.44%
20/07/2020,17.47,18.01,18.33,17.28,3.68,-3.00%
19/07/2020,18.01,17.13,18.10,16.90,3.75,5.10%
18/07/2020,17.13,17.07,17.32,16.83,2.60,0.36%
17/07/2020,17.07,17.15,17.48,16.99,2.79,-0.43%
16/07/2020,17.15,17.63,17.76,16.56,3.20,-2.73%
15/07/2020,17.63,18.09,18.15,17.44,2.91,-2.55%
14/07/2020,18.09,18.42,18.76,17.88,3.43,-1.77%
13/07/2020,18.42,18.31,18.99,17.73,4.28,0.62%
12/07/2020,18.31,17.62,18.59,17.60,4.01,3.89%
11/07/2020,17.62,17.30,17.68,17.03,3.13,1.85%
10/07/2020,17.30,16.83,17.33,16.44,2.82,2.76%
09/07/2020,16.84,17.28,17.47,16.49,2.70,-2.47%
08/07/2020,17.26,16.80,17.45,16.62,3.23,2.76%
07/07/2020,16.80,16.30,16.86,16.06,2.77,3.06%
06/07/2020,16.30,15.51,16.33,15.44,2.47,5.13%
05/07/2020,15.50,15.56,15.61,15.16,1.83,-0.34%
04/07/2020,15.56,15.28,15.63,15.23,2.03,1.84%
03/07/2020,15.28,15.36,15.48,15.26,1.94,-0.53%
02/07/2020,15.36,15.81,15.96,15.09,2.26,-2.88%
01/07/2020,15.81,15.40,15.88,15.34,2.58,2.66%
30/06/2020,15.40,15.46,15.54,15.25,2.18,-0.38%
29/06/2020,15.46,15.38,15.59,15.21,2.66,0.45%
28/06/2020,15.39,15.13,15.49,14.93,2.93,1.74%
27/06/2020,15.13,15.77,15.87,14.85,2.55,-4.05%
26/06/2020,15.77,15.91,15.99,15.58,2.05,-0.89%
25/06/2020,15.91,16.00,16.08,15.51,2.08,-0.58%
24/06/2020,16.00,16.39,16.64,15.98,2.49,-2.37%
23/06/2020,16.39,16.50,16.54,16.27,2.48,-0.68%
22/06/2020,16.50,15.97,16.52,15.96,2.94,3.33%
21/06/2020,15.97,16.06,16.31,15.94,2.30,-0.54%
20/06/2020,16.06,15.97,16.09,15.72,2.42,0.50%
19/06/2020,15.98,16.15,16.28,15.91,2.32,-1.10%
18/06/2020,16.15,16.40,16.53,15.91,2.48,-1.47%
17/06/2020,16.40,16.43,16.62,16.01,2.66,-0.19%
16/06/2020,16.43,16.38,16.62,16.16,3.00,0.31%
15/06/2020,16.38,16.56,16.60,15.54,2.88,-1.12%
14/06/2020,16.56,16.81,16.84,16.43,3.14,-1.46%
13/06/2020,16.81,16.64,16.81,16.49,3.57,1.01%
12/06/2020,16.64,16.23,16.78,16.10,3.42,2.54%
11/06/2020,16.23,17.39,17.49,15.98,3.25,-6.70%
10/06/2020,17.39,17.37,17.57,17.25,3.29,0.13%
09/06/2020,17.37,17.43,17.51,17.12,3.02,-0.33%
08/06/2020,17.43,17.42,17.54,17.26,3.05,0.07%
07/06/2020,17.42,17.56,17.64,16.91,3.35,-0.81%
06/06/2020,17.56,17.70,17.79,17.51,3.74,-0.78%
05/06/2020,17.70,17.52,17.89,17.45,4.21,1.01%
04/06/2020,17.52,17.56,17.67,17.08,3.99,-0.22%
03/06/2020,17.56,17.28,17.62,17.04,4.48,1.58%
02/06/2020,17.28,17.92,18.19,16.78,4.46,-3.56%
01/06/2020,17.92,17.10,18.08,16.99,5.28,4.75%
31/05/2020,17.11,17.73,18.16,16.87,4.77,-3.51%
30/05/2020,17.73,17.00,17.78,16.94,5.42,4.28%
29/05/2020,17.00,17.08,17.18,16.68,4.86,-0.44%
28/05/2020,17.08,16.46,17.14,16.39,5.32,3.75%
27/05/2020,16.46,16.22,16.50,16.16,5.01,1.51%
26/05/2020,16.22,16.38,16.49,15.97,4.38,-0.99%
25/05/2020,16.38,15.98,16.40,15.87,5.08,2.32%
24/05/2020,16.01,16.47,16.79,16.01,4.92,-2.83%
23/05/2020,16.47,16.59,16.84,16.33,4.93,-0.74%
22/05/2020,16.59,16.08,16.89,15.92,5.33,3.16%
21/05/2020,16.09,16.90,17.05,15.76,4.81,-4.79%
20/05/2020,16.90,17.20,17.33,16.55,5.21,-1.78%
19/05/2020,17.20,16.63,17.23,16.31,6.67,3.43%
18/05/2020,16.63,16.29,16.87,16.20,6.39,2.13%
17/05/2020,16.29,16.05,16.51,16.00,5.49,1.45%
16/05/2020,16.05,15.71,16.27,15.58,6.45,2.16%
15/05/2020,15.71,16.36,16.53,15.56,6.04,-4.10%
14/05/2020,16.39,16.12,16.64,15.28,7.31,1.68%
13/05/2020,16.11,15.76,16.31,14.97,6.71,2.25%
12/05/2020,15.76,15.09,16.23,14.21,7.37,4.21%
11/05/2020,15.12,15.28,15.56,14.05,8.35,-1.03%
10/05/2020,15.28,16.81,16.81,14.03,9.58,-9.08%
09/05/2020,16.81,17.14,17.49,16.81,6.06,-1.94%
08/05/2020,17.14,16.99,17.43,16.83,5.51,0.85%
07/05/2020,17.00,16.37,17.24,16.20,6.91,3.82%
06/05/2020,16.37,16.86,17.14,16.34,5.72,-2.89%
05/05/2020,16.86,17.02,17.31,16.58,5.69,-0.97%
04/05/2020,17.02,17.11,17.30,16.31,5.97,-0.48%
03/05/2020,17.11,17.52,17.81,16.86,5.64,-2.32%
02/05/2020,17.51,17.44,17.58,17.27,6.12,0.43%
01/05/2020,17.44,17.00,17.90,16.91,7.22,2.56%
30/04/2020,17.00,17.44,18.20,16.49,8.82,-2.47%
29/04/2020,17.43,16.32,17.54,16.28,8.18,6.80%
28/04/2020,16.32,16.49,16.54,16.14,6.13,-0.99%
27/04/2020,16.49,16.36,16.66,16.07,7.52,0.76%
26/04/2020,16.36,16.21,16.48,16.09,6.66,0.84%
25/04/2020,16.22,15.91,16.46,15.72,6.32,1.95%
24/04/2020,15.91,16.02,16.34,15.70,7.75,-0.63%
23/04/2020,16.02,15.70,16.41,15.40,9.43,2.03%
22/04/2020,15.70,15.10,15.84,14.91,8.33,3.94%
21/04/2020,15.10,14.98,15.48,14.75,7.61,0.92%
20/04/2020,14.96,16.06,16.66,14.87,8.00,-6.84%
19/04/2020,16.06,16.62,16.70,15.86,7.23,-3.36%
18/04/2020,16.62,15.63,16.83,12.85,9.24,6.33%
17/04/2020,15.63,15.64,15.94,12.96,6.10,0.00%
16/04/2020,15.63,14.57,15.75,12.96,9.27,7.26%
15/04/2020,14.57,15.60,15.92,14.50,8.79,-6.59%
14/04/2020,15.60,15.04,15.96,14.78,9.84,3.72%
13/04/2020,15.04,14.28,15.10,13.65,8.99,5.26%
12/04/2020,14.29,13.81,14.83,13.65,9.12,3.48%
11/04/2020,13.81,13.72,14.12,13.54,7.74,0.64%
10/04/2020,13.72,15.01,15.07,13.49,8.57,-8.61%
09/04/2020,15.01,15.10,15.22,14.69,9.52,-0.55%
08/04/2020,15.09,14.74,15.36,14.56,8.18,2.34%
07/04/2020,14.75,15.21,15.50,14.26,9.53,-2.89%
06/04/2020,15.19,13.69,15.22,13.63,10.71,10.97%
05/04/2020,13.69,13.76,13.96,13.41,9.29,-0.52%
04/04/2020,13.76,13.36,14.01,13.18,9.73,2.99%
03/04/2020,13.36,13.03,13.58,12.91,9.59,2.57%
02/04/2020,13.02,12.72,13.67,12.54,10.32,2.45%
01/04/2020,12.71,12.55,12.74,11.98,8.57,1.31%
31/03/2020,12.55,12.16,12.72,12.10,9.56,3.21%
30/03/2020,12.16,11.30,12.40,11.26,8.22,7.62%
29/03/2020,11.30,12.20,12.29,11.30,5.36,-7.25%
28/03/2020,12.18,12.34,12.38,11.65,6.11,-1.21%
27/03/2020,12.33,13.21,13.37,12.24,6.38,-6.64%
26/03/2020,13.21,12.34,13.27,12.19,7.03,7.02%
25/03/2020,12.34,12.35,12.70,11.61,7.60,0.00%
24/03/2020,12.34,12.19,12.56,11.37,9.24,1.24%
23/03/2020,12.19,11.15,12.49,10.84,10.85,9.24%
22/03/2020,11.16,12.11,12.48,11.05,10.86,-7.84%
21/03/2020,12.11,11.94,12.45,11.31,12.14,1.46%
20/03/2020,11.94,12.30,13.66,10.50,14.04,-2.95%
19/03/2020,12.30,10.40,12.69,10.25,12.93,18.24%
18/03/2020,10.40,10.29,10.44,9.67,9.72,1.12%
17/03/2020,10.29,9.42,10.49,9.34,10.60,9.15%
16/03/2020,9.42,10.40,10.41,8.47,13.27,-9.41%
15/03/2020,10.40,10.13,11.09,9.98,12.62,2.74%
14/03/2020,10.13,10.96,11.28,9.91,11.21,-7.64%
13/03/2020,10.96,9.25,11.45,6.50,24.31,18.54%
12/03/2020,9.25,16.54,16.66,8.98,18.29,-44.08%
11/03/2020,16.54,16.84,17.14,15.43,6.00,-1.78%
10/03/2020,16.84,16.55,17.49,16.37,7.60,1.74%
09/03/2020,16.55,16.89,17.51,15.61,9.96,-2.21%
08/03/2020,16.93,20.24,20.27,16.74,8.06,-16.38%
07/03/2020,20.24,21.37,21.49,19.73,5.52,-5.27%
06/03/2020,21.37,20.76,21.76,20.67,7.11,2.95%
05/03/2020,20.76,19.96,21.49,19.94,7.03,3.90%
04/03/2020,19.98,19.71,20.25,19.52,5.96,1.78%
03/03/2020,19.63,19.94,20.35,19.27,6.65,-1.53%
02/03/2020,19.93,18.95,20.25,18.63,8.50,5.52%
01/03/2020,18.89,19.28,20.23,18.38,8.67,-2.00%
29/02/2020,19.28,19.00,20.36,18.67,15.68,1.68%
28/02/2020,18.96,19.20,19.73,17.90,11.36,-1.29%
27/02/2020,19.20,18.76,19.65,17.68,7.87,2.39%
26/02/2020,18.76,20.25,20.66,17.94,9.58,-7.32%
25/02/2020,20.24,22.14,22.19,20.10,6.53,-8.61%
24/02/2020,22.14,22.81,23.34,21.46,6.09,-2.91%
23/02/2020,22.81,22.10,23.13,21.90,7.43,3.54%
22/02/2020,22.03,22.18,22.35,21.50,5.69,-0.59%
21/02/2020,22.16,22.11,22.99,21.76,6.55,0.23%
20/02/2020,22.11,22.32,22.79,21.01,6.18,-0.92%
19/02/2020,22.31,24.04,24.36,22.07,5.86,-7.18%
18/02/2020,24.04,23.46,24.50,22.80,5.86,2.51%
17/02/2020,23.45,23.40,23.63,21.57,6.18,0.22%
16/02/2020,23.40,24.28,25.30,21.82,6.98,-3.62%
15/02/2020,24.28,26.32,26.50,23.55,6.71,-7.77%
14/02/2020,26.32,25.48,26.55,25.04,6.46,3.09%
13/02/2020,25.53,26.43,27.20,24.66,6.65,-3.41%
12/02/2020,26.43,25.68,26.95,25.33,7.07,2.92%
11/02/2020,25.68,25.14,25.77,24.15,9.66,2.15%
10/02/2020,25.14,24.27,25.72,23.30,12.23,3.57%
09/02/2020,24.28,21.76,24.34,21.02,9.15,11.57%
08/02/2020,21.76,22.03,22.16,20.91,7.00,-1.21%
07/02/2020,22.03,20.62,22.51,20.47,9.06,6.83%
06/02/2020,20.62,19.25,20.78,19.03,7.50,7.11%
05/02/2020,19.25,18.17,19.44,16.71,6.10,5.94%
04/02/2020,18.17,18.46,18.61,18.17,4.61,-1.57%
03/02/2020,18.46,18.41,18.84,18.19,4.90,0.27%
02/02/2020,18.41,18.24,18.75,17.86,5.58,0.95%
01/02/2020,18.24,18.22,18.58,18.04,5.52,0.20%
31/01/2020,18.20,18.53,18.83,17.82,5.40,-1.79%
30/01/2020,18.53,17.90,18.68,17.70,5.60,3.54%
29/01/2020,17.90,18.03,18.41,17.82,4.77,-0.51%
28/01/2020,17.99,17.64,18.13,17.46,6.03,2.01%
27/01/2020,17.64,17.46,17.86,17.21,5.11,1.05%
26/01/2020,17.46,16.96,17.52,16.82,5.91,2.94%
25/01/2020,16.96,17.07,17.11,16.61,4.87,-0.55%
24/01/2020,17.05,17.03,17.43,16.44,4.71,0.07%
23/01/2020,17.04,17.79,17.83,16.75,5.15,-4.26%
22/01/2020,17.80,18.08,18.71,17.56,5.18,-1.61%
21/01/2020,18.09,17.31,18.19,17.21,6.57,4.50%
20/01/2020,17.31,17.36,17.56,16.81,5.62,-0.32%
19/01/2020,17.36,17.81,18.45,16.73,6.20,-2.50%
18/01/2020,17.81,18.08,18.35,17.45,5.40,-1.46%
17/01/2020,18.07,17.04,18.43,17.03,7.33,6.04%
16/01/2020,17.04,17.62,17.70,16.35,5.68,-3.28%
15/01/2020,17.62,16.65,18.14,16.14,8.41,5.80%
14/01/2020,16.65,15.18,16.89,15.17,7.28,9.77%
13/01/2020,15.17,15.34,15.36,14.93,5.71,-1.05%
12/01/2020,15.33,14.94,15.46,14.82,5.92,2.58%
11/01/2020,14.94,15.06,15.34,14.75,4.80,-0.79%
10/01/2020,15.06,14.40,15.10,13.76,4.96,4.64%
09/01/2020,14.40,14.54,14.62,14.23,3.91,-0.98%
08/01/2020,14.54,15.03,15.32,14.23,4.56,-3.22%
07/01/2020,15.02,14.96,15.17,14.48,4.88,0.44%
06/01/2020,14.96,14.08,15.01,14.04,5.53,6.31%
05/01/2020,14.07,13.85,14.37,13.83,5.18,1.58%
04/01/2020,13.85,13.65,13.89,13.53,4.88,1.49%
03/01/2020,13.65,13.02,13.98,13.01,4.84,4.72%
02/01/2020,13.03,13.70,13.73,12.99,4.49,-4.85%
01/01/2020,13.70,13.73,13.88,13.65,4.61,-0.25%
31/12/2019,13.73,13.88,14.07,13.66,4.23,-1.12%
30/12/2019,13.89,14.12,14.42,13.81,4.79,-1.62%
29/12/2019,14.11,13.71,14.20,13.61,6.46,2.97%
28/12/2019,13.71,13.30,13.78,13.27,5.65,3.04%
27/12/2019,13.30,13.19,13.34,13.00,4.77,0.83%
26/12/2019,13.19,13.04,13.59,13.02,4.59,1.14%
25/12/2019,13.04,13.37,13.43,12.95,4.29,-2.43%
24/12/2019,13.37,13.35,13.65,13.28,4.90,0.16%
23/12/2019,13.35,13.81,14.00,13.25,4.51,-3.36%
22/12/2019,13.81,13.34,13.84,13.30,5.81,3.55%
21/12/2019,13.34,13.53,13.57,13.30,5.86,-1.62%
20/12/2019,13.56,13.36,13.57,13.12,5.73,1.56%
19/12/2019,13.35,13.59,13.76,12.95,4.79,-1.74%
18/12/2019,13.59,12.37,13.68,12.23,6.65,9.79%
17/12/2019,12.37,13.61,13.65,12.15,5.68,-9.05%
16/12/2019,13.61,14.55,14.58,13.47,4.79,-6.47%
15/12/2019,14.55,14.53,14.65,14.33,3.90,0.09%
14/12/2019,14.53,14.91,15.04,14.35,4.20,-2.50%
13/12/2019,14.91,14.83,15.04,14.77,4.28,0.54%
12/12/2019,14.83,14.86,14.94,14.57,3.71,-0.20%
11/12/2019,14.86,15.01,15.12,14.68,3.93,-1.07%
10/12/2019,15.02,15.48,15.49,14.74,4.43,-2.75%
09/12/2019,15.44,15.64,15.91,15.29,4.78,-1.26%
08/12/2019,15.64,15.63,15.86,15.43,5.35,0.08%
07/12/2019,15.63,15.69,15.84,15.56,5.69,-0.45%
06/12/2019,15.70,15.67,15.79,15.35,5.47,0.17%
05/12/2019,15.67,15.16,15.74,14.93,5.72,3.35%
04/12/2019,15.16,15.32,15.71,14.97,5.44,-1.03%
03/12/2019,15.32,15.21,15.53,15.13,4.82,0.72%
02/12/2019,15.21,15.53,15.70,15.14,3.98,-2.06%
01/12/2019,15.53,15.67,15.69,15.01,4.12,-0.93%
30/11/2019,15.68,16.14,16.19,15.42,4.95,-2.89%
29/11/2019,16.14,15.52,16.26,15.46,5.54,4.02%
28/11/2019,15.52,16.03,16.12,15.45,4.28,-3.17%
27/11/2019,16.03,15.48,16.16,14.89,5.80,3.58%
26/11/2019,15.47,15.28,15.98,15.16,4.69,1.16%
25/11/2019,15.30,15.20,15.87,14.15,7.03,0.60%
24/11/2019,15.21,16.29,16.52,15.12,5.43,-6.65%
23/11/2019,16.29,15.58,16.39,15.13,5.60,4.54%
22/11/2019,15.58,16.81,16.81,14.56,8.33,-7.31%
21/11/2019,16.81,18.02,21.68,16.64,4.52,-6.71%
20/11/2019,18.02,18.49,18.70,17.39,3.81,-2.46%
19/11/2019,18.48,19.10,19.39,18.25,3.63,-3.25%
18/11/2019,19.10,20.16,20.16,18.85,3.90,-5.27%
17/11/2019,20.16,20.10,20.33,19.78,3.89,0.28%
16/11/2019,20.10,20.30,20.61,19.85,3.54,-0.99%
15/11/2019,20.31,21.21,21.23,20.07,3.78,-4.28%
14/11/2019,21.21,21.30,21.54,20.88,3.43,-0.46%
13/11/2019,21.31,20.89,21.65,20.66,3.76,2.00%
12/11/2019,20.89,20.11,20.89,20.06,3.30,3.89%
11/11/2019,20.11,20.42,20.60,19.81,2.98,-1.51%
10/11/2019,20.42,19.76,20.57,19.72,3.75,3.36%
09/11/2019,19.76,19.71,20.00,19.56,2.71,0.23%
08/11/2019,19.71,20.39,20.48,19.39,3.02,-3.37%
07/11/2019,20.40,20.65,20.77,19.96,3.31,-1.20%
06/11/2019,20.65,20.62,20.88,20.35,3.93,0.14%
05/11/2019,20.62,20.62,20.86,20.34,4.09,0.00%
04/11/2019,20.62,20.16,20.86,20.06,4.92,2.24%
03/11/2019,20.16,20.19,20.38,19.85,4.64,-0.15%
02/11/2019,20.19,19.90,20.30,18.92,5.22,1.48%
01/11/2019,19.90,19.85,19.98,19.62,3.07,0.26%
31/10/2019,19.85,19.90,20.25,19.30,4.37,-0.27%
30/10/2019,19.90,20.66,20.75,19.07,4.38,-3.68%
29/10/2019,20.66,19.89,21.14,19.80,5.84,3.83%
28/10/2019,19.90,19.29,21.09,19.27,6.62,3.09%
27/10/2019,19.30,18.93,19.61,18.52,5.45,1.96%
26/10/2019,18.93,18.60,19.66,18.06,5.38,1.77%
25/10/2019,18.60,16.90,19.02,15.68,6.62,10.05%
24/10/2019,16.90,16.73,17.01,15.65,3.58,1.06%
23/10/2019,16.72,18.20,18.21,16.28,4.11,-8.07%
22/10/2019,18.19,18.25,18.76,18.08,4.50,-0.32%
21/10/2019,18.25,18.47,18.47,17.94,3.58,-1.20%
20/10/2019,18.47,18.17,18.57,17.75,4.20,1.69%
19/10/2019,18.17,18.20,18.42,17.86,3.64,-0.19%
18/10/2019,18.20,18.51,18.74,17.71,3.84,-1.62%
17/10/2019,18.50,17.76,18.77,17.59,4.88,4.17%
16/10/2019,17.76,18.44,18.58,17.44,4.43,-3.70%
15/10/2019,18.44,18.43,19.13,18.12,7.09,0.05%
14/10/2019,18.43,18.21,18.61,17.86,4.38,1.25%
13/10/2019,18.21,17.20,18.71,17.12,5.15,5.86%
12/10/2019,17.20,16.60,17.42,16.55,4.70,3.60%
11/10/2019,16.60,17.53,17.65,16.56,4.20,-5.31%
10/10/2019,17.53,17.71,17.89,17.07,4.71,-0.99%
09/10/2019,17.71,16.04,17.96,15.93,6.26,10.38%
08/10/2019,16.04,16.05,16.34,15.82,2.65,0.00%
07/10/2019,16.05,15.36,16.14,15.22,2.97,4.45%
06/10/2019,15.36,15.72,15.75,15.22,2.42,-2.24%
05/10/2019,15.71,15.65,15.80,15.46,2.57,0.44%
04/10/2019,15.65,15.68,15.86,15.42,2.52,-0.32%
03/10/2019,15.70,15.91,15.97,15.44,2.34,-1.33%
02/10/2019,15.91,15.85,15.94,15.58,1.94,0.36%
01/10/2019,15.85,15.84,16.17,15.66,2.40,0.06%
30/09/2019,15.84,15.27,15.85,14.79,2.31,3.73%
29/09/2019,15.27,15.75,15.81,14.95,2.02,-3.03%
28/09/2019,15.75,15.65,15.85,15.35,2.27,0.65%
27/09/2019,15.65,15.41,15.74,14.82,2.63,1.52%
26/09/2019,15.41,16.25,16.65,14.65,3.29,-5.15%
25/09/2019,16.25,16.01,22.80,15.42,3.25,1.46%
24/09/2019,16.01,19.59,19.75,15.94,4.67,-18.23%
23/09/2019,19.59,20.55,20.56,19.45,2.19,-4.71%
22/09/2019,20.55,21.15,21.17,20.32,2.07,-2.78%
21/09/2019,21.14,21.40,21.56,21.03,2.28,-1.22%
20/09/2019,21.40,21.61,21.69,21.10,2.70,-0.97%
19/09/2019,21.61,22.21,22.46,20.53,2.87,-2.72%
18/09/2019,22.22,21.08,23.16,21.03,5.51,5.38%
17/09/2019,21.08,20.49,21.50,20.29,3.27,3.01%
16/09/2019,20.46,20.60,20.97,20.19,2.10,-0.67%
15/09/2019,20.60,21.10,21.20,20.60,2.33,-2.38%
14/09/2019,21.10,20.93,21.27,20.88,2.47,0.85%
13/09/2019,20.93,20.92,21.27,20.64,2.64,0.00%
12/09/2019,20.92,20.97,21.13,19.96,3.08,-0.25%
11/09/2019,20.97,22.08,22.26,20.78,2.08,-4.99%
10/09/2019,22.07,22.35,22.55,21.65,1.81,-1.14%
09/09/2019,22.33,22.61,22.64,21.99,2.03,-1.13%
08/09/2019,22.59,22.48,22.83,22.29,2.44,0.45%
07/09/2019,22.48,22.08,22.75,21.95,2.94,1.81%
06/09/2019,22.08,22.76,23.44,21.82,3.44,-2.99%
05/09/2019,22.76,21.83,23.58,21.60,3.80,4.30%
04/09/2019,21.83,22.51,22.74,21.63,2.03,-3.02%
03/09/2019,22.50,22.77,22.93,22.33,2.49,-1.17%
02/09/2019,22.77,21.55,22.88,21.20,3.51,5.72%
01/09/2019,21.54,21.22,21.83,21.16,2.76,1.48%
31/08/2019,21.22,22.19,22.42,21.17,2.50,-4.27%
30/08/2019,22.17,21.84,22.62,21.59,3.21,1.53%
29/08/2019,21.84,23.42,23.42,21.40,2.88,-6.74%
28/08/2019,23.42,25.60,25.99,23.32,2.57,-8.50%
27/08/2019,25.59,26.12,26.13,24.72,2.49,-2.02%
26/08/2019,26.12,26.08,27.18,25.79,3.31,0.16%
25/08/2019,26.08,26.44,26.48,25.67,1.92,-1.39%
24/08/2019,26.44,27.03,27.03,26.09,1.73,-2.16%
23/08/2019,27.03,27.02,27.32,26.87,2.20,0.02%
22/08/2019,27.02,26.95,27.32,26.31,2.12,0.25%
21/08/2019,26.95,28.00,28.04,26.42,2.18,-3.71%
20/08/2019,27.99,28.77,28.81,27.80,2.48,-2.72%
19/08/2019,28.78,27.90,29.20,27.73,3.38,3.11%
18/08/2019,27.91,27.45,28.16,27.11,2.98,1.65%
17/08/2019,27.45,27.50,27.90,27.07,2.71,-0.18%
16/08/2019,27.50,28.10,28.10,26.85,2.99,-2.13%
15/08/2019,28.10,27.00,28.20,27.00,3.61,4.09%
14/08/2019,27.00,29.43,29.45,26.85,2.90,-8.31%
13/08/2019,29.44,30.17,30.41,29.21,2.94,-2.45%
12/08/2019,30.18,30.26,30.55,29.84,3.48,-0.25%
11/08/2019,30.26,29.63,30.38,29.48,3.42,2.22%
10/08/2019,29.60,29.79,29.97,29.08,3.17,-0.73%
09/08/2019,29.82,31.19,31.48,29.66,2.74,-4.41%
08/08/2019,31.20,29.65,31.78,29.19,5.01,5.21%
07/08/2019,29.65,27.65,29.97,27.34,3.91,7.24%
06/08/2019,27.65,27.97,28.31,27.35,2.40,-1.16%
05/08/2019,27.97,27.38,28.32,27.35,1.99,2.18%
04/08/2019,27.38,27.74,27.80,27.13,1.72,-1.30%
03/08/2019,27.74,28.10,28.33,27.53,1.94,-1.30%
02/08/2019,28.10,28.70,28.73,27.57,2.48,-2.04%
01/08/2019,28.69,27.73,28.77,27.46,3.55,3.45%
31/07/2019,27.73,26.95,27.81,26.79,3.05,2.92%
30/07/2019,26.94,27.03,27.12,26.23,1.87,-0.32%
29/07/2019,27.03,27.73,27.99,26.86,1.80,-2.49%
28/07/2019,27.72,27.71,27.86,26.66,2.17,0.08%
27/07/2019,27.70,28.88,29.42,27.27,2.41,-4.09%
26/07/2019,28.88,28.93,29.03,28.21,2.97,-0.15%
25/07/2019,28.92,28.87,29.68,28.52,3.35,0.13%
24/07/2019,28.88,29.46,29.48,27.81,3.58,-1.95%
23/07/2019,29.46,30.83,30.87,29.02,4.04,-4.47%
22/07/2019,30.84,30.42,32.54,29.79,5.16,1.37%
21/07/2019,30.42,31.07,31.52,29.31,3.32,-2.11%
20/07/2019,31.07,28.98,31.45,28.90,4.34,7.19%
19/07/2019,28.99,28.91,29.92,28.33,5.86,0.27%
18/07/2019,28.91,27.64,29.51,26.80,9.11,4.73%
17/07/2019,27.61,25.06,28.09,24.18,8.15,10.16%
16/07/2019,25.06,28.58,29.52,24.95,5.46,-12.30%
15/07/2019,28.58,28.51,28.68,26.38,4.39,0.27%
14/07/2019,28.50,31.47,31.52,28.35,3.18,-9.43%
13/07/2019,31.46,31.88,32.50,30.25,2.67,-1.31%
12/07/2019,31.88,29.43,32.59,29.03,4.38,8.32%
11/07/2019,29.43,31.24,31.78,28.37,2.58,-5.73%
10/07/2019,31.22,32.51,32.94,30.62,2.41,-4.01%
09/07/2019,32.52,33.40,33.91,32.28,1.92,-2.64%
08/07/2019,33.40,32.97,34.24,32.80,2.35,1.30%
07/07/2019,32.97,32.61,33.37,32.47,2.05,1.11%
06/07/2019,32.61,32.61,33.18,32.53,1.91,0.04%
05/07/2019,32.60,33.07,33.64,32.42,2.38,-1.44%
04/07/2019,33.07,32.48,34.36,32.19,3.34,1.83%
03/07/2019,32.48,31.96,33.06,31.66,2.93,1.61%
02/07/2019,31.97,33.27,33.81,30.59,3.02,-3.94%
01/07/2019,33.27,32.12,34.01,31.44,2.82,3.61%
30/06/2019,32.11,35.49,35.51,32.05,3.15,-9.50%
29/06/2019,35.49,34.60,35.77,33.31,4.06,2.52%
28/06/2019,34.61,34.42,35.27,33.86,3.35,0.56%
27/06/2019,34.42,36.02,36.28,33.28,3.89,-4.44%
26/06/2019,36.02,36.08,37.94,34.52,4.45,-0.15%
25/06/2019,36.08,37.40,37.50,35.74,3.35,-3.63%
24/06/2019,37.43,37.25,37.80,36.05,4.41,0.50%
23/06/2019,37.25,37.97,38.46,37.23,4.67,-1.87%
22/06/2019,37.96,38.64,39.54,37.45,5.41,-1.79%
21/06/2019,38.65,36.78,38.82,36.24,5.41,5.08%
20/06/2019,36.78,35.11,36.92,34.34,9.54,4.73%
19/06/2019,35.12,34.50,35.63,34.33,8.71,1.79%
18/06/2019,34.50,33.78,35.05,33.69,8.08,2.15%
17/06/2019,33.78,32.19,34.30,32.19,7.32,4.91%
16/06/2019,32.20,32.71,33.21,31.78,4.30,-1.56%
15/06/2019,32.71,32.42,33.91,31.73,5.37,0.89%
14/06/2019,32.42,35.20,35.25,29.93,7.61,-7.90%
13/06/2019,35.20,34.85,36.25,34.18,6.02,1.03%
12/06/2019,34.84,31.88,34.96,31.79,6.40,9.28%
11/06/2019,31.89,31.99,32.02,31.00,4.84,-0.32%
10/06/2019,31.99,30.15,32.00,29.75,6.26,6.09%
09/06/2019,30.15,31.70,31.84,29.77,2.53,-4.90%
08/06/2019,31.70,31.43,32.29,31.13,3.23,0.88%
07/06/2019,31.43,31.16,31.96,30.95,2.76,0.88%
06/06/2019,31.15,30.85,31.99,29.75,2.99,0.99%
05/06/2019,30.85,29.20,31.18,29.01,3.35,5.66%
04/06/2019,29.20,30.87,31.45,28.73,2.88,-5.41%
03/06/2019,30.87,33.16,33.16,30.51,2.85,-6.91%
02/06/2019,33.16,33.30,33.75,32.69,3.13,-0.43%
01/06/2019,33.30,32.92,34.32,32.53,3.65,1.13%
31/05/2019,32.93,31.63,32.96,30.61,3.63,4.11%
30/05/2019,31.63,33.62,34.95,30.38,3.80,-5.90%
29/05/2019,33.62,33.12,33.87,30.93,3.64,1.50%
28/05/2019,33.12,33.46,34.49,32.50,3.59,-1.02%
27/05/2019,33.46,33.27,35.08,32.76,3.94,0.58%
26/05/2019,33.27,35.07,35.07,32.37,3.85,-5.27%
25/05/2019,35.12,34.10,35.47,33.65,4.18,2.97%
24/05/2019,34.10,31.42,34.70,31.21,4.53,8.53%
23/05/2019,31.42,30.67,32.23,30.20,3.79,1.20%
22/05/2019,31.05,32.41,32.41,30.69,3.80,-4.20%
21/05/2019,32.41,29.27,32.70,28.06,4.71,10.75%
20/05/2019,29.27,29.17,29.30,27.60,3.98,0.33%
19/05/2019,29.17,28.87,29.84,27.62,4.44,1.05%
18/05/2019,28.87,25.80,29.10,25.13,4.32,11.89%
17/05/2019,25.80,26.29,26.65,23.40,3.43,-1.87%
16/05/2019,26.29,26.82,27.74,25.08,4.20,-1.98%
15/05/2019,26.82,23.64,27.40,23.46,3.43,13.45%
14/05/2019,23.64,23.50,24.49,22.62,3.82,0.60%
13/05/2019,23.50,20.96,23.99,20.74,4.57,12.13%
12/05/2019,20.96,20.85,21.49,20.13,3.23,0.53%
11/05/2019,20.85,19.62,22.00,18.89,3.75,6.25%
10/05/2019,19.62,18.85,19.99,18.33,2.43,4.24%
09/05/2019,18.82,20.67,20.96,18.58,2.33,-8.92%
08/05/2019,20.67,20.66,21.40,19.60,2.74,0.03%
07/05/2019,20.66,22.19,22.45,20.30,1.81,-6.86%
06/05/2019,22.18,22.98,22.99,21.47,1.77,-3.49%
05/05/2019,22.98,22.90,23.17,22.66,1.79,0.39%
04/05/2019,22.90,23.70,23.79,22.31,1.90,-3.41%
03/05/2019,23.70,23.61,23.97,23.02,2.23,0.40%
02/05/2019,23.61,21.88,24.09,21.75,2.44,7.91%
01/05/2019,21.88,22.04,22.10,21.48,2.07,-0.74%
30/04/2019,22.04,21.67,22.30,21.34,2.20,1.71%
29/04/2019,21.67,23.01,23.08,21.34,2.39,-5.82%
28/04/2019,23.01,22.42,23.21,22.42,3.02,2.64%
27/04/2019,22.42,23.06,23.12,22.39,2.99,-2.76%
26/04/2019,23.06,22.48,23.78,21.68,3.27,2.57%
25/04/2019,22.48,23.01,23.44,21.61,3.12,-2.30%
24/04/2019,23.01,22.55,23.11,20.97,2.96,2.04%
23/04/2019,22.55,23.78,24.60,22.48,2.88,-5.19%
22/04/2019,23.78,24.03,24.61,23.18,3.01,-1.03%
21/04/2019,24.03,24.89,24.89,22.49,3.31,-3.44%
20/04/2019,24.89,24.32,25.49,23.79,3.54,2.33%
19/04/2019,24.32,21.88,24.70,21.17,4.25,11.15%
18/04/2019,21.88,19.49,21.99,19.43,3.69,12.26%
17/04/2019,19.49,19.64,19.77,19.27,2.00,-0.78%
16/04/2019,19.64,19.27,19.71,18.71,2.24,1.95%
15/04/2019,19.27,19.36,19.78,18.69,2.22,-0.60%
14/04/2019,19.38,18.62,19.90,18.43,2.44,4.11%
13/04/2019,18.62,18.32,18.63,17.95,2.21,1.61%
12/04/2019,18.32,17.53,18.54,16.62,2.33,4.51%
11/04/2019,17.53,18.23,18.23,16.32,1.81,-3.87%
10/04/2019,18.24,18.30,18.61,17.89,2.56,-0.33%
09/04/2019,18.30,17.98,18.54,17.05,2.78,1.79%
08/04/2019,17.98,18.96,19.03,17.80,2.14,-5.16%
07/04/2019,18.96,19.07,19.21,18.82,2.33,-0.52%
06/04/2019,19.06,19.36,19.36,18.84,2.52,-1.57%
05/04/2019,19.36,19.00,19.46,18.88,2.71,1.93%
04/04/2019,19.00,18.51,19.41,18.21,2.94,2.62%
03/04/2019,18.51,19.72,20.00,18.00,3.53,-6.11%
02/04/2019,19.72,17.91,19.88,17.56,3.36,10.09%
01/04/2019,17.91,17.53,18.23,17.34,2.97,2.15%
31/03/2019,17.53,16.97,17.72,16.75,3.18,3.32%
30/03/2019,16.97,16.49,16.97,15.97,2.79,2.89%
29/03/2019,16.49,16.65,16.81,16.38,2.74,-0.98%
28/03/2019,16.65,16.58,16.72,16.41,2.99,0.44%
27/03/2019,16.58,16.20,16.80,15.89,3.24,2.46%
26/03/2019,16.18,16.79,16.79,15.56,2.73,-3.64%
25/03/2019,16.79,17.13,17.34,16.11,2.77,-1.96%
24/03/2019,17.13,15.15,17.45,14.68,5.29,13.08%
23/03/2019,15.15,15.15,15.44,14.96,2.63,-0.04%
22/03/2019,15.15,14.35,15.22,14.23,2.69,5.60%
21/03/2019,14.35,15.13,15.30,13.90,3.02,-5.16%
20/03/2019,15.13,15.51,15.51,15.02,2.37,-2.42%
19/03/2019,15.51,15.54,15.80,15.00,4.27,-0.21%
18/03/2019,15.54,15.62,15.79,15.23,2.48,-0.51%
17/03/2019,15.62,15.96,15.96,15.44,3.10,-2.09%
16/03/2019,15.95,14.94,16.00,14.88,3.29,6.81%
15/03/2019,14.94,14.90,15.19,14.85,2.99,0.22%
14/03/2019,14.90,15.02,15.08,14.57,3.08,-0.78%
13/03/2019,15.02,15.34,15.37,14.94,3.28,-2.09%
12/03/2019,15.34,14.41,15.43,14.18,4.05,6.48%
11/03/2019,14.41,14.37,14.90,14.01,3.76,0.26%
10/03/2019,14.37,14.47,14.51,13.87,3.53,-0.66%
09/03/2019,14.47,14.29,14.92,13.98,4.00,1.23%
08/03/2019,14.29,15.10,15.21,13.58,6.34,-5.36%
07/03/2019,15.10,14.58,15.52,14.35,6.76,3.59%
06/03/2019,14.58,13.65,14.64,12.90,6.16,6.78%
05/03/2019,13.65,11.40,13.74,11.40,8.34,19.61%
04/03/2019,11.41,11.45,11.51,10.88,2.74,-0.29%
03/03/2019,11.45,11.75,11.86,11.20,2.86,-2.58%
02/03/2019,11.75,11.35,11.80,10.83,3.89,3.56%
01/03/2019,11.35,10.27,11.55,10.24,4.02,10.45%
28/02/2019,10.27,9.85,10.49,9.80,3.69,4.26%
27/02/2019,9.85,9.43,10.00,9.35,3.53,4.50%
26/02/2019,9.43,9.70,9.75,9.36,3.12,-2.72%
25/02/2019,9.69,9.92,10.23,9.35,5.35,-2.38%
24/02/2019,9.93,10.73,11.08,9.40,4.80,-7.43%
23/02/2019,10.73,10.76,10.85,10.40,2.88,-0.30%
22/02/2019,10.76,10.47,10.96,10.39,3.04,2.71%
21/02/2019,10.47,10.94,10.94,10.14,3.08,-4.24%
20/02/2019,10.94,10.47,11.27,10.40,4.34,4.50%
19/02/2019,10.47,9.61,11.11,9.50,4.90,8.95%
18/02/2019,9.61,9.22,9.70,9.18,2.81,4.20%
17/02/2019,9.22,9.10,9.22,8.91,2.46,1.33%
16/02/2019,9.10,9.25,9.32,9.06,2.50,-1.63%
15/02/2019,9.25,8.75,9.49,8.73,3.32,5.73%
14/02/2019,8.75,8.92,9.04,8.41,2.80,-1.92%
13/02/2019,8.92,9.28,9.28,8.71,4.00,-3.85%
12/02/2019,9.28,9.53,9.75,8.94,4.94,-2.63%
11/02/2019,9.53,9.17,9.78,9.04,6.04,4.02%
10/02/2019,9.16,8.90,9.29,8.83,5.75,2.96%
09/02/2019,8.90,8.59,8.92,8.44,5.44,3.58%
08/02/2019,8.59,7.81,8.80,7.61,4.96,9.92%
07/02/2019,7.81,8.13,8.47,7.68,4.35,-3.88%
06/02/2019,8.13,7.86,8.48,7.34,5.82,3.48%
05/02/2019,7.86,7.11,7.96,6.96,4.15,10.54%
04/02/2019,7.11,6.79,7.18,6.69,3.31,4.69%
03/02/2019,6.79,6.87,6.90,6.62,3.09,-1.18%
02/02/2019,6.87,6.52,6.90,6.49,3.25,5.31%
01/02/2019,6.52,6.22,6.64,6.12,2.94,4.87%
31/01/2019,6.22,6.13,6.26,5.96,2.27,1.39%
30/01/2019,6.13,6.14,6.20,6.00,2.24,-0.09%
29/01/2019,6.14,6.16,6.26,5.99,2.96,-0.20%
28/01/2019,6.15,7.04,7.14,5.97,4.95,-12.58%
27/01/2019,7.04,6.95,7.20,6.79,2.78,1.32%
26/01/2019,6.95,6.68,6.98,6.62,2.74,3.99%
25/01/2019,6.68,6.46,6.75,6.44,2.58,3.46%
24/01/2019,6.46,6.49,6.49,6.39,1.51,-0.58%
23/01/2019,6.49,6.47,6.52,6.35,1.93,0.24%
22/01/2019,6.48,6.47,6.50,6.26,1.86,0.09%
21/01/2019,6.47,6.40,6.51,6.29,1.85,1.19%
20/01/2019,6.40,6.53,6.63,6.24,1.78,-2.06%
19/01/2019,6.53,6.48,6.64,6.24,2.27,0.79%
18/01/2019,6.48,6.32,6.58,6.22,2.50,2.51%
17/01/2019,6.32,6.09,6.32,5.96,2.31,3.77%
16/01/2019,6.09,5.81,6.18,5.78,2.16,4.85%
15/01/2019,5.81,6.06,6.06,5.68,1.37,-4.11%
14/01/2019,6.06,5.47,6.06,5.46,2.33,10.78%
13/01/2019,5.47,5.86,5.89,5.38,1.42,-6.71%
12/01/2019,5.86,5.96,5.96,5.80,1.75,-1.63%
11/01/2019,5.96,5.84,6.12,5.69,2.56,2.68%
10/01/2019,5.80,6.56,6.57,5.66,3.35,-11.47%
09/01/2019,6.56,6.52,6.85,6.35,4.17,0.61%
08/01/2019,6.52,6.20,6.80,6.14,3.95,5.08%
07/01/2019,6.20,6.26,6.31,6.10,1.68,-0.98%
06/01/2019,6.26,5.97,6.37,5.93,2.51,4.95%
05/01/2019,5.97,5.97,6.10,5.93,1.63,0.11%
04/01/2019,5.96,5.79,5.99,5.75,1.66,2.86%
03/01/2019,5.79,6.05,6.06,5.78,1.53,-4.19%
02/01/2019,6.05,5.99,6.09,5.85,2.13,0.89%
01/01/2019,5.99,6.11,6.12,5.78,1.42,-1.82%
31/12/2018,6.11,5.89,6.24,5.84,2.38,3.56%
30/12/2018,5.89,5.66,5.90,5.56,1.40,4.34%
29/12/2018,5.65,5.88,5.99,5.61,1.23,-3.87%
28/12/2018,5.88,5.17,5.89,5.11,1.50,13.70%
27/12/2018,5.17,5.62,5.65,5.10,1.15,-7.69%
26/12/2018,5.60,5.45,5.68,5.38,1.35,2.89%
25/12/2018,5.44,6.10,6.10,5.32,1.44,-10.78%
24/12/2018,6.10,5.96,6.47,5.93,2.06,2.37%
23/12/2018,5.96,5.83,6.13,5.77,1.88,2.13%
22/12/2018,5.83,5.47,5.88,5.39,1.77,6.66%
21/12/2018,5.47,5.66,5.78,5.32,1.59,-3.38%
20/12/2018,5.66,5.36,5.79,5.24,2.16,5.65%
19/12/2018,5.36,5.54,5.83,5.29,1.80,-3.20%
18/12/2018,5.54,5.05,5.54,4.91,1.91,9.70%
17/12/2018,5.05,4.62,5.12,4.60,1.51,9.33%
16/12/2018,4.62,4.55,4.70,4.51,1.07,1.50%
15/12/2018,4.55,4.52,4.60,4.45,969.29,0.65%
14/12/2018,4.52,4.64,4.75,4.43,946.23,-2.58%
13/12/2018,4.64,4.98,4.99,4.56,1.00,-6.77%
12/12/2018,4.98,4.88,5.14,4.74,1.20,4.72%
11/12/2018,4.75,4.63,4.87,4.50,1.18,2.67%
10/12/2018,4.63,4.77,4.94,4.49,928.56,-2.90%
09/12/2018,4.77,4.63,5.00,4.52,1.51,3.01%
08/12/2018,4.63,4.52,4.80,4.30,1.26,2.45%
07/12/2018,4.52,4.90,4.98,4.13,2.25,-7.90%
06/12/2018,4.90,6.06,6.10,4.90,3.03,-19.08%
05/12/2018,6.06,5.89,6.62,5.73,4.21,2.83%
04/12/2018,5.89,5.13,6.35,5.10,2.24,14.89%
03/12/2018,5.13,5.28,5.29,5.01,674.85,-2.78%
02/12/2018,5.28,5.28,5.43,5.20,852.86,-0.14%
01/12/2018,5.28,5.11,5.39,5.01,924.16,3.17%
30/11/2018,5.12,5.38,5.45,4.95,708.62,-4.80%
29/11/2018,5.38,5.35,5.63,5.14,1.02,0.57%
28/11/2018,5.35,4.99,5.46,4.99,1.14,7.22%
27/11/2018,4.99,5.04,5.04,4.71,702.11,-1.05%
26/11/2018,5.04,5.29,5.40,4.76,852.94,-4.55%
25/11/2018,5.28,5.20,5.37,4.54,1.00,1.55%
24/11/2018,5.20,5.65,5.80,4.79,919.71,-7.99%
23/11/2018,5.65,5.78,5.84,5.48,600.26,-1.70%
22/11/2018,5.75,6.29,6.37,5.75,627.77,-8.57%
21/11/2018,6.29,5.92,6.32,5.65,842.73,5.86%
20/11/2018,5.94,6.70,6.90,5.66,1.63,-11.38%
19/11/2018,6.70,8.08,8.09,6.67,1.05,-17.05%
18/11/2018,8.08,7.85,8.14,7.83,605.11,2.97%
17/11/2018,7.85,8.01,8.02,7.69,752.86,-2.00%
16/11/2018,8.01,8.38,8.38,7.86,902.84,-4.37%
15/11/2018,8.38,8.68,8.73,7.80,821.92,-3.53%
14/11/2018,8.68,9.39,9.42,8.34,671.74,-7.57%
13/11/2018,9.39,9.48,9.59,9.36,658.79,-0.89%
12/11/2018,9.48,9.54,9.59,9.33,724.75,-0.75%
11/11/2018,9.55,9.59,9.62,9.37,753.97,-0.42%
10/11/2018,9.59,9.62,9.68,9.57,782.36,-0.27%
09/11/2018,9.62,9.69,9.75,9.53,737.30,-0.75%
08/11/2018,9.69,9.89,9.92,9.66,797.78,-2.04%
07/11/2018,9.89,9.88,9.98,9.81,867.19,0.25%
06/11/2018,9.86,9.73,9.88,9.67,884.71,1.35%
05/11/2018,9.73,9.82,9.83,9.66,836.65,-0.87%
04/11/2018,9.82,9.59,9.90,9.50,934.58,2.49%
03/11/2018,9.58,9.65,9.71,9.49,814.17,-0.71%
02/11/2018,9.65,9.62,9.72,9.55,849.51,0.30%
01/11/2018,9.62,9.49,9.65,9.44,792.43,1.36%
31/10/2018,9.49,9.45,9.55,9.29,709.70,0.63%
30/10/2018,9.43,9.44,9.54,9.40,718.68,-0.13%
29/10/2018,9.44,9.70,9.73,9.38,786.96,-2.63%
28/10/2018,9.70,9.73,9.76,9.64,841.91,-0.26%
27/10/2018,9.73,9.83,9.83,9.70,851.50,-1.06%
26/10/2018,9.83,9.80,9.91,9.75,1.02,0.30%
25/10/2018,9.80,9.87,9.93,9.75,1.01,-0.68%
24/10/2018,9.87,9.92,9.99,9.86,1.04,-0.54%
23/10/2018,9.92,9.88,10.04,9.82,1.22,0.41%
22/10/2018,9.88,9.92,9.98,9.81,1.04,-0.41%
21/10/2018,9.92,9.91,10.02,9.87,1.20,0.00%
20/10/2018,9.92,9.90,10.00,9.82,1.16,0.22%
19/10/2018,9.90,9.92,9.98,9.83,1.11,-0.22%
18/10/2018,9.92,10.23,10.27,9.81,1.26,-3.05%
17/10/2018,10.23,10.27,10.35,10.10,1.40,-0.35%
16/10/2018,10.27,10.55,10.56,10.11,1.28,-2.78%
15/10/2018,10.56,9.59,10.98,9.52,2.34,10.16%
14/10/2018,9.59,9.68,9.78,9.53,963.46,-0.95%
13/10/2018,9.68,9.55,9.73,9.54,1.06,1.00%
12/10/2018,9.59,9.36,9.75,9.25,1.04,2.51%
11/10/2018,9.35,10.40,10.40,9.23,1.02,-10.06%
10/10/2018,10.40,10.42,10.44,10.25,1.03,-0.25%
09/10/2018,10.42,10.57,10.63,10.28,1.06,-1.40%
08/10/2018,10.57,10.59,10.69,10.50,1.24,-0.14%
07/10/2018,10.59,10.41,10.60,10.27,1.29,1.70%
06/10/2018,10.41,10.68,10.75,10.33,1.22,-2.51%
05/10/2018,10.68,10.30,10.77,10.23,1.63,4.06%
04/10/2018,10.26,10.28,10.44,10.21,1.40,-0.22%
03/10/2018,10.28,10.31,10.49,10.02,1.52,-0.27%
02/10/2018,10.31,9.98,10.68,9.86,1.65,3.40%
01/10/2018,9.97,10.02,10.08,9.85,949.17,-0.51%
30/09/2018,10.02,10.01,10.06,9.82,1.01,0.22%
29/09/2018,10.00,9.96,10.07,9.73,1.03,0.40%
28/09/2018,9.96,10.06,10.28,9.81,1.02,-1.02%
27/09/2018,10.06,9.71,10.10,9.64,1.10,3.65%
26/09/2018,9.71,9.82,9.94,9.55,665.88,-1.16%
25/09/2018,9.82,10.04,10.04,9.37,669.50,-2.21%
24/09/2018,10.04,10.29,10.36,9.91,716.92,-2.41%
23/09/2018,10.29,10.25,10.43,10.12,863.61,0.37%
22/09/2018,10.25,10.46,10.60,10.02,855.61,-2.00%
21/09/2018,10.46,10.01,10.48,9.95,1.44,4.47%
20/09/2018,10.01,9.61,10.08,9.58,1.12,4.19%
19/09/2018,9.61,9.52,9.79,9.23,981.11,1.00%
18/09/2018,9.52,9.36,9.65,9.22,892.23,1.66%
17/09/2018,9.36,9.94,10.03,9.26,862.34,-5.82%
16/09/2018,9.94,10.06,10.13,9.70,796.12,-1.21%
15/09/2018,10.06,9.90,10.22,9.88,1.11,1.70%
14/09/2018,9.89,9.56,10.09,9.50,1.07,3.47%
13/09/2018,9.56,9.21,9.71,9.20,1.02,3.84%
12/09/2018,9.21,9.36,9.48,9.01,719.29,-1.67%
11/09/2018,9.36,9.52,9.60,9.11,775.04,-1.59%
10/09/2018,9.52,9.51,9.74,9.29,411.19,0.11%
09/09/2018,9.51,9.52,9.76,9.15,575.56,-0.18%
08/09/2018,9.52,9.94,10.14,9.28,590.91,-4.20%
07/09/2018,9.94,10.29,10.30,9.65,545.66,-3.36%
06/09/2018,10.29,9.97,10.33,9.54,861.36,3.22%
05/09/2018,9.97,11.44,11.57,9.92,1.18,-12.89%
04/09/2018,11.44,11.31,11.45,11.22,632.54,1.14%
03/09/2018,11.31,11.37,11.46,11.10,640.54,-0.20%
02/09/2018,11.33,11.48,11.50,11.08,705.60,-1.27%
01/09/2018,11.48,10.99,11.57,10.97,1.05,4.56%
31/08/2018,10.98,10.77,10.99,10.56,823.12,1.90%
30/08/2018,10.77,11.17,11.19,10.35,754.61,-3.51%
29/08/2018,11.17,11.49,11.49,10.71,1.15,-2.83%
28/08/2018,11.49,11.17,11.53,10.77,1.55,2.88%
27/08/2018,11.17,10.22,11.31,10.10,1.52,9.28%
26/08/2018,10.22,10.10,10.25,9.73,744.03,1.20%
25/08/2018,10.10,10.20,10.28,9.94,680.30,-1.03%
24/08/2018,10.20,9.76,10.22,9.55,780.04,4.55%
23/08/2018,9.76,9.59,9.76,9.36,656.28,2.57%
22/08/2018,9.52,9.74,10.24,9.19,930.43,-2.27%
21/08/2018,9.74,9.64,9.84,9.36,467.53,1.00%
20/08/2018,9.64,10.14,10.21,9.56,675.69,-4.92%
19/08/2018,10.14,9.88,10.30,9.66,899.11,2.64%
18/08/2018,9.88,10.88,10.97,9.45,1.13,-9.19%
17/08/2018,10.88,9.78,10.88,9.71,1.34,11.25%
16/08/2018,9.78,9.54,9.99,9.35,1.01,2.52%
15/08/2018,9.54,9.40,10.63,9.34,2.06,1.15%
14/08/2018,9.43,10.26,10.28,8.54,1.78,-8.07%
13/08/2018,10.26,11.77,11.86,10.11,1.26,-12.83%
12/08/2018,11.77,11.67,11.84,11.36,827.24,0.83%
11/08/2018,11.67,12.15,12.15,11.31,951.81,-3.95%
10/08/2018,12.15,12.77,12.77,11.71,1.32,-5.00%
09/08/2018,12.79,12.15,12.86,12.04,1.40,5.27%
08/08/2018,12.15,13.15,13.15,11.96,1.48,-7.60%
07/08/2018,13.15,13.69,13.85,13.08,1.14,-3.95%
06/08/2018,13.69,13.64,13.96,13.47,1.40,0.40%
05/08/2018,13.64,13.85,13.90,13.24,1.18,-1.55%
04/08/2018,13.85,14.13,14.47,13.56,1.67,-1.95%
03/08/2018,14.13,14.16,14.16,13.55,1.72,-0.25%
02/08/2018,14.16,13.65,14.20,13.36,1.22,3.75%
01/08/2018,13.65,13.80,14.09,13.21,1.44,-1.11%
31/07/2018,13.80,13.17,14.08,13.00,1.91,4.41%
30/07/2018,13.22,13.95,13.97,13.01,1.21,-5.27%
29/07/2018,13.95,14.66,14.75,13.67,1.63,-4.79%
28/07/2018,14.66,13.99,14.88,13.72,2.19,4.75%
27/07/2018,13.99,13.34,14.08,13.04,1.87,4.88%
26/07/2018,13.34,13.00,13.62,12.93,2.05,2.62%
25/07/2018,13.00,12.16,13.51,12.12,2.39,6.91%
24/07/2018,12.16,12.03,12.29,11.64,1.47,1.03%
23/07/2018,12.03,12.14,12.39,11.90,846.36,-0.90%
22/07/2018,12.14,12.18,12.33,11.95,720.19,-0.33%
21/07/2018,12.18,12.08,12.49,11.85,962.91,0.89%
20/07/2018,12.08,12.96,13.00,11.82,1.50,-6.80%
19/07/2018,12.96,12.87,13.38,12.73,1.66,0.71%
18/07/2018,12.87,13.72,13.88,12.67,2.50,-6.23%
17/07/2018,13.72,13.38,13.90,12.83,2.44,2.56%
16/07/2018,13.38,12.30,13.42,12.18,1.69,8.80%
15/07/2018,12.30,12.09,12.40,11.97,974.98,1.76%
14/07/2018,12.09,12.19,12.28,11.93,705.87,-0.82%
13/07/2018,12.19,12.13,12.42,11.98,1.10,0.55%
12/07/2018,12.12,12.68,12.77,11.81,1.06,-4.40%
11/07/2018,12.68,12.77,12.82,12.17,1.67,-0.75%
10/07/2018,12.77,13.54,13.55,12.64,1.27,-5.18%
09/07/2018,13.47,14.01,14.04,13.47,1.07,-3.67%
08/07/2018,13.98,14.15,14.18,13.86,1.79,-1.06%
07/07/2018,14.13,13.44,14.28,13.31,2.50,5.23%
06/07/2018,13.43,13.76,13.81,13.15,960.65,-2.40%
05/07/2018,13.76,14.02,14.09,13.43,1.17,-1.82%
04/07/2018,14.02,14.15,14.25,13.85,1.08,-0.93%
03/07/2018,14.15,14.60,14.81,14.02,1.78,-3.10%
02/07/2018,14.60,14.39,14.75,14.02,1.90,1.62%
01/07/2018,14.37,14.67,14.74,14.10,1.21,-2.50%
30/06/2018,14.74,14.49,15.15,14.30,2.16,1.59%
29/06/2018,14.50,14.19,14.69,13.75,1.80,2.62%
28/06/2018,14.13,14.07,14.90,13.81,2.39,0.38%
27/06/2018,14.08,14.06,14.31,13.85,1.53,0.16%
26/06/2018,14.06,14.92,15.01,13.84,1.40,-5.64%
25/06/2018,14.90,14.42,15.15,13.76,2.27,3.50%
24/06/2018,14.39,15.58,15.72,13.36,3.87,-7.58%
23/06/2018,15.58,15.56,16.03,15.32,2.10,0.09%
22/06/2018,15.56,17.06,17.25,15.18,3.36,-8.85%
21/06/2018,17.07,16.08,17.38,15.88,3.56,6.32%
20/06/2018,16.06,16.74,16.85,15.61,1.95,-4.07%
19/06/2018,16.74,16.79,16.94,16.13,2.12,-0.57%
18/06/2018,16.84,16.60,17.17,16.16,2.85,1.89%
17/06/2018,16.52,15.76,17.19,15.71,3.24,4.85%
16/06/2018,15.76,14.92,15.96,14.85,2.45,5.14%
15/06/2018,14.99,14.88,15.63,14.63,2.57,1.19%
14/06/2018,14.81,14.56,15.20,14.06,2.69,1.60%
13/06/2018,14.58,15.20,15.80,13.71,3.15,-4.46%
12/06/2018,15.26,15.48,16.15,14.92,3.48,-1.35%
11/06/2018,15.47,14.17,15.48,13.71,2.47,9.29%
10/06/2018,14.15,16.02,16.02,13.40,2.58,-11.70%
09/06/2018,16.03,16.30,16.90,15.89,2.34,-1.23%
08/06/2018,16.23,16.32,16.65,15.75,2.53,-0.15%
07/06/2018,16.25,17.27,17.44,16.15,3.25,-5.88%
06/06/2018,17.27,15.60,17.40,15.32,3.87,10.73%
05/06/2018,15.60,14.26,15.70,14.15,2.61,9.35%
04/06/2018,14.26,14.70,14.73,13.62,1.58,-2.85%
03/06/2018,14.68,14.68,15.03,14.30,2.24,0.00%
02/06/2018,14.68,14.25,14.88,14.00,2.36,3.01%
01/06/2018,14.25,14.20,14.45,13.76,2.32,0.25%
31/05/2018,14.22,12.59,14.25,12.40,2.73,12.66%
30/05/2018,12.62,12.59,12.79,12.18,1.30,0.08%
29/05/2018,12.61,11.90,12.69,11.69,1.47,6.01%
28/05/2018,11.89,12.60,12.75,11.63,938.95,-5.65%
27/05/2018,12.60,12.79,12.80,12.29,1.07,-0.99%
26/05/2018,12.73,13.04,13.26,12.69,1.21,-1.97%
25/05/2018,12.99,13.04,13.38,12.58,1.32,-0.30%
24/05/2018,13.02,12.54,13.19,12.10,1.57,4.47%
23/05/2018,12.47,13.85,13.93,12.24,2.22,-10.18%
22/05/2018,13.88,14.67,14.84,13.71,2.36,-5.40%
21/05/2018,14.67,14.17,14.80,14.08,2.55,3.57%
20/05/2018,14.17,14.33,14.39,13.69,2.41,-1.13%
19/05/2018,14.33,15.11,15.65,13.95,3.39,-5.16%
18/05/2018,15.11,12.37,16.23,12.01,5.63,22.18%
17/05/2018,12.37,12.33,12.95,12.22,1.71,0.61%
16/05/2018,12.29,12.53,12.57,11.88,1.07,-1.79%
15/05/2018,12.51,12.88,13.33,12.47,1.29,-2.41%
14/05/2018,12.82,13.15,13.20,12.29,1.55,-2.46%
13/05/2018,13.15,13.03,13.57,12.65,1.88,1.65%
12/05/2018,12.93,12.98,13.18,12.15,1.28,-0.05%
11/05/2018,12.94,13.79,14.13,12.53,1.57,-6.06%
10/05/2018,13.78,14.65,15.04,13.75,1.66,-5.94%
09/05/2018,14.65,13.50,14.80,13.03,2.60,8.50%
08/05/2018,13.50,13.77,13.82,13.10,1.44,-2.04%
07/05/2018,13.78,14.01,14.05,12.93,1.53,-1.66%
06/05/2018,14.01,14.44,14.94,13.64,2.10,-2.92%
05/05/2018,14.43,14.36,14.57,14.21,1.88,0.58%
04/05/2018,14.35,14.64,14.73,14.25,1.88,-1.98%
03/05/2018,14.64,14.43,14.84,14.19,2.50,1.49%
02/05/2018,14.43,14.17,14.44,13.90,2.10,1.89%
01/05/2018,14.16,14.32,14.33,13.50,1.99,-1.13%
30/04/2018,14.32,15.05,15.15,14.05,2.06,-5.02%
29/04/2018,15.07,15.20,15.43,14.53,2.83,-0.80%
28/04/2018,15.20,14.29,15.36,14.18,3.78,6.31%
27/04/2018,14.29,14.63,14.78,14.13,2.89,-2.30%
26/04/2018,14.63,13.36,14.74,13.20,4.22,9.49%
25/04/2018,13.36,15.12,15.90,12.95,5.20,-11.63%
24/04/2018,15.12,13.64,15.67,13.62,4.77,10.84%
23/04/2018,13.64,12.87,13.86,12.82,4.45,5.98%
22/04/2018,12.87,13.35,13.40,12.80,2.56,-3.55%
21/04/2018,13.35,12.57,13.74,12.39,4.56,6.15%
20/04/2018,12.57,12.35,12.72,11.89,2.74,1.81%
19/04/2018,12.35,12.30,12.43,12.05,2.40,0.45%
18/04/2018,12.30,11.74,12.44,11.51,2.74,4.68%
17/04/2018,11.74,12.23,12.48,11.67,2.44,-3.96%
16/04/2018,12.23,13.10,13.10,12.01,2.71,-6.63%
15/04/2018,13.10,13.27,13.62,12.90,3.85,-1.25%
14/04/2018,13.27,13.52,13.88,12.93,3.52,-1.69%
13/04/2018,13.49,12.97,13.80,12.72,5.34,4.03%
12/04/2018,12.97,12.30,13.02,11.85,4.90,5.46%
11/04/2018,12.30,12.08,12.30,11.77,3.39,1.79%
10/04/2018,12.08,11.89,12.43,11.81,3.45,1.69%
09/04/2018,11.88,12.12,12.55,11.52,3.01,-1.99%
08/04/2018,12.12,12.50,12.52,12.11,3.09,-3.00%
07/04/2018,12.50,12.26,12.65,12.22,3.26,1.97%
06/04/2018,12.26,12.49,12.65,12.01,3.15,-1.84%
05/04/2018,12.49,12.21,12.64,12.10,4.29,2.28%
04/04/2018,12.21,13.31,13.45,12.00,5.11,-8.23%
03/04/2018,13.31,12.60,13.96,12.22,5.15,5.60%
02/04/2018,12.60,11.11,12.66,10.98,4.51,13.51%
01/04/2018,11.10,11.05,11.31,10.32,4.10,0.50%
31/03/2018,11.04,10.42,11.47,10.25,4.18,6.46%
30/03/2018,10.37,10.19,10.85,9.71,3.79,1.86%
29/03/2018,10.19,11.67,11.75,10.12,3.60,-12.69%
28/03/2018,11.67,11.53,12.23,11.32,3.22,1.48%
27/03/2018,11.50,11.97,12.22,10.83,4.08,-3.98%
26/03/2018,11.97,12.97,13.01,10.82,5.49,-7.70%
25/03/2018,12.97,13.17,14.25,12.49,6.18,-1.54%
24/03/2018,13.17,11.75,14.93,11.54,8.44,11.75%
23/03/2018,11.79,10.07,11.97,9.50,5.52,17.04%
22/03/2018,10.07,9.97,10.93,9.49,4.70,1.32%
21/03/2018,9.94,9.18,10.33,9.06,4.96,8.28%
20/03/2018,9.18,9.03,9.26,8.60,3.93,1.93%
19/03/2018,9.01,8.94,9.30,8.45,3.91,0.75%
18/03/2018,8.94,8.92,8.98,7.80,3.95,0.00%
17/03/2018,8.94,9.08,9.47,8.64,3.96,-1.54%
16/03/2018,9.08,9.12,9.38,8.56,4.04,-0.44%
15/03/2018,9.12,8.91,9.42,8.31,4.27,2.31%
14/03/2018,8.91,10.15,10.67,8.50,5.16,-12.20%
13/03/2018,10.15,8.03,10.97,7.83,7.22,26.46%
12/03/2018,8.03,8.25,8.50,7.68,2.53,-2.88%
11/03/2018,8.27,7.65,8.42,7.33,2.66,8.06%
10/03/2018,7.65,8.28,8.34,7.57,2.21,-8.12%
09/03/2018,8.33,8.26,8.33,7.07,1.95,0.85%
08/03/2018,8.26,9.01,9.14,8.02,1.88,-8.39%
07/03/2018,9.01,9.39,10.21,8.13,2.93,-4.01%
06/03/2018,9.39,10.09,10.13,9.11,940.57,-6.98%
05/03/2018,10.09,10.39,10.45,10.09,470.75,-2.91%
04/03/2018,10.39,10.24,10.40,9.86,592.20,1.51%
03/03/2018,10.24,10.23,10.46,10.12,635.35,0.07%
02/03/2018,10.23,10.50,10.56,10.11,710.33,-2.52%
01/03/2018,10.50,10.46,10.68,10.33,1.23,0.38%
28/02/2018,10.46,10.56,11.17,10.35,1.61,-1.02%
27/02/2018,10.56,9.92,11.11,9.79,2.38,6.50%
26/02/2018,9.92,9.34,10.10,9.09,1.27,6.21%
25/02/2018,9.34,9.09,9.47,8.90,885.07,2.78%
24/02/2018,9.09,9.69,9.84,8.70,1.36,-6.32%
23/02/2018,9.70,8.86,9.73,8.62,1.62,9.48%
22/02/2018,8.86,9.40,9.80,8.63,1.79,-5.44%
21/02/2018,9.37,9.89,10.20,9.05,2.28,-5.26%
20/02/2018,9.89,11.06,11.20,9.70,2.36,-10.58%
19/02/2018,11.06,10.64,11.19,10.54,1.34,3.92%
18/02/2018,10.64,11.68,11.68,10.58,2.18,-8.75%
17/02/2018,11.66,11.20,11.85,10.90,2.29,4.14%
16/02/2018,11.20,10.87,11.20,10.30,1.96,3.07%
15/02/2018,10.87,10.38,11.29,10.05,4.24,4.89%
14/02/2018,10.36,9.02,10.65,8.96,2.57,15.18%
13/02/2018,8.99,9.34,9.35,8.74,1.37,-3.70%
12/02/2018,9.34,8.67,9.43,8.67,1.91,7.73%
11/02/2018,8.67,9.24,9.39,8.03,3.02,-6.17%
10/02/2018,9.24,9.86,10.35,8.77,3.35,11.60%
09/02/2018,8.28,8.28,8.28,8.28,-,0.00%
08/02/2018,8.28,8.11,8.38,8.04,4.41,2.11%
07/02/2018,8.11,8.26,9.23,7.32,4.41,-1.66%
06/02/2018,8.25,6.73,8.60,5.52,6.16,23.07%
05/02/2018,6.70,8.40,8.56,6.08,3.13,-20.25%
04/02/2018,8.40,9.73,9.75,8.04,2.02,-13.87%
03/02/2018,9.75,9.75,10.32,8.58,2.35,0.00%
02/02/2018,9.75,9.51,10.70,7.31,4.02,2.47%
01/02/2018,9.51,11.31,11.45,8.66,2.17,-15.90%
31/01/2018,11.31,11.47,11.50,10.55,947.12,-1.41%
30/01/2018,11.47,12.81,12.84,11.11,1.32,-10.46%
29/01/2018,12.81,13.77,13.87,12.74,857.95,-6.96%
28/01/2018,13.77,13.40,14.01,13.30,1.38,2.79%
27/01/2018,13.40,13.13,13.55,12.85,992.88,1.75%
26/01/2018,13.17,13.19,13.60,12.01,1.79,-0.16%
25/01/2018,13.19,13.80,14.15,13.01,1.43,-4.18%
24/01/2018,13.77,13.10,14.29,12.60,1.95,5.07%
23/01/2018,13.10,12.90,13.88,11.64,2.34,1.57%
22/01/2018,12.90,14.16,14.48,11.66,2.88,-8.73%
21/01/2018,14.13,16.20,16.26,13.05,3.32,-12.24%
20/01/2018,16.11,14.95,16.65,14.82,2.62,7.88%
19/01/2018,14.93,14.02,15.48,13.50,3.00,5.59%
18/01/2018,14.14,14.30,15.90,13.10,6.70,0.25%
17/01/2018,14.10,13.01,15.66,9.40,9.97,8.50%
16/01/2018,13.00,19.44,19.44,10.00,9.93,-33.12%
15/01/2018,19.44,20.42,23.23,19.05,2.29,-4.96%
14/01/2018,20.45,22.10,22.10,18.27,1.38,-7.41%
13/01/2018,22.09,22.37,23.50,21.10,1.08,0.17%
12/01/2018,22.05,20.72,24.64,19.28,2.92,3.38%
11/01/2018,21.33,17.50,23.00,13.90,3.54,22.04%
10/01/2018,17.48,17.40,17.56,14.60,1.13,0.46%
09/01/2018,17.40,18.00,20.61,16.43,1.26,-3.33%
08/01/2018,18.00,18.59,19.30,14.00,2.00,-3.17%
07/01/2018,18.59,22.60,22.66,18.05,1.38,-17.74%
06/01/2018,22.60,14.89,23.60,14.70,2.66,51.88%
05/01/2018,14.88,9.14,16.82,8.97,2.60,62.80%
04/01/2018,9.14,9.30,9.46,8.56,918.41,-1.72%
03/01/2018,9.30,8.72,9.47,8.27,926.41,6.65%
02/01/2018,8.72,8.45,9.11,8.09,1.23,3.20%
01/01/2018,8.45,8.53,8.70,7.80,642.51,-0.94%
